호선,역명,구주소,도로명주소,주소2,읍면동명
1호선,서울,서울특별시 중구 남대문로5가 73-6 서울역(1호선),서울특별시 중구 세종대로 지하2(남대문로 5가),중구 세종대로 지하2,회현동
1호선,시청,서울특별시 중구 정동 5-5 시청역(1호선),서울특별시 중구 세종대로 지하101(정동),중구 세종대로 지하101,소공동
1호선,종각,서울특별시 종로구 종로1가 54 종각역(1호선),서울특별시 종로구 종로 지하55(종로1가),종로구 종로 지하55,종로1.2.3.4가동
1호선,종로3가,서울특별시 종로구 종로3가 10-5 종로3가역(1호선),서울특별시 종로구 종로 지하129(종로3가),종로구 종로 지하129,종로1.2.3.4가동
1호선,종로5가,서울특별시 종로구 종로5가 82-1 종로5가역(1호선),서울특별시 종로구 종로 지하216(종로5가),종로구 종로 지하216,종로5.6가동
1호선,동대문,서울특별시 종로구 창신동 492-1 동대문역(1호선),서울특별시 종로구 종로 지하302(창신동),종로구 종로 지하302,창신제2동
1호선,신설동,서울특별시 동대문구 신설동 76-5 신설동역(1호선),서울특별시 동대문구 왕산로 지하1(신설동),동대문구 왕산로 지하1,용신동
1호선,제기동,서울특별시 동대문구 제기동 65 제기동역(1호선),서울특별시 동대문구 왕산로 지하93(제기동),동대문구 왕산로 지하93,제기동
1호선,청량리(서울시립대입구),서울특별시 동대문구 전농동 620-69 청량리역(1호선),서울특별시 동대문구 왕산로 지하205(전농동),동대문구 왕산로 지하205,청량리동
1호선,동묘앞,서울특별시 종로구 숭인동 117 동묘앞역(1호선),서울특별시 종로구 종로 359(숭인동),종로구 종로 359,숭인제1동
1호선,가산디지털단지,서울특별시 금천구 가산동 468-4,서울특별시 금천구 벚꽃로 309,금천구 벚꽃로 309,가산동
1호선,개봉,서울특별시 구로구 개보동 415,서울특별시 구로구 경인로40길 47,구로구 경인로40길 47,개봉제1동
1호선,광운대,서울특별시 노원구 월계동 85,서울특별시 노원구 석계로 98-2,노원구 석계로 98-2,월계제1동
1호선,구로,서울특별시 구로구 구로동 585-3,서울특별시 구로구 구로중앙로 174,구로구 구로중앙로 174,구로제5동
1호선,구일,서울특별시 구로구 구로동 636-45,서울특별시 구로구 구일로 133,구로구 구일로 133,구로제2동
1호선,금천구청,서울특별시 금천구 시흥동 113-55,서울특별시 금천구 시흥대로 63길 91,금천구 시흥대로 63길 91,시흥제1동
1호선,남영,서울특별시 용산구 갈월동 96-1,서울특별시 용산구 한강대로77길 25,용산구 한강대로77길 25,남영동
1호선,노량진,서울특별시 동작구 노량진동 67-2,서울특별시 동작구 노량진로 151,동작구 노량진로 151,노량진제1동
1호선,녹천,서울특별시 도봉구 창동 57-11,서울특별시 도붕구 덕릉로 376,도봉구 덕릉로 376,창제1동
1호선,대방,서울특별시 영등포구 신길동 1368-3,서울특별시 영등포구 여의대방로 300,영등포구 여의대방로 300,신길제7동
1호선,도봉,서울특별시 도봉구 도봉동 639,서울특별시 도봉구 도봉로 170길 2,도봉구 도봉로 170길 2,도봉제2동
1호선,도봉산,서울특별시 도봉구 도봉동 18-1,서울특별시 도봉구 도봉로 964-33,도봉구 도봉로 964-33,도봉제2동
1호선,독산,서울특별시 금천구 가산동 717,서울특별시 금천구 벚꽃로 115,금천구 벚꽃로 115,독산제1동
1호선,방학,서울특별시 도봉구 방학동 728,서울특별시 도봉구 도봉로 150다길 3,도봉구 도봉로 150다길 3,방학제1동
1호선,석계,서울특별시 노원구 월계동 36-4,서울특별시 노원구 화랑로 341,노원구 화랑로 341,월계제1동
1호선,신길,서울특별시 영등포구 신길동 41-1,서울특별시 영등포구 영등포로 327,영등포구 영등포로 327,신길제1동
1호선,신도림,서울특별시 구로구 신도림동 460-26,서울특별시 구로구 새마로 지하117-21,구로구 새말로 지하117-21,신도림동
1호선,신이문,서울특별시 동대문구 이문동 7,서울특별시 동대문구 한천로 472,동대문구 한천로 472,이문제2동
1호선,영등포,서울특별시 영등포구 영등포동 618-496,서울특별시 영등포구 경인로 846,영등포구 경인로 846,영등포본동
1호선,오류동,서울특별시 구로구 오류동 66,서울특별시 구로구 경인로 20길 13,구로구 경인로 20길 13,오류제1동
1호선,온수,서울특셜시 구로구 온수동 51-7,서울특별시 구로구 부일로 872,구로구 부일로 872,수궁동
1호선,외대앞,서울특별시 동대문구 이문동 360-5,서울특별시 동대문구 휘경로 27,동대문구 휘경로 27,이문제1동
1호선,용산,서울특별시 용산구 한강로3가 40-999,서울특별시 용산구 한강대로23길 55,용산구 한강대로23길 55,한강로동
1호선,월계,서울특별시 노원구 월계동 263-1,서울특별시 노원구 월계로53길 40,노원구 월계로53길 40,월계제2동
1호선,창동,서울특별시 도봉구 창동 135-1,서울특별시 도봉구 마들로11길 77,도봉구 마들로11길 77,창제5동
1호선,회기,서울특별시 동대문구 휘경동 317-101,서울특별시 동대문구 회기로 196,동대문구 회기로 196,휘경제1동
2호선,방배,서울특별시 서초구 방배동 912-14 방배역(2호선),서울특별시 서초구 방배로 지하80(방배동),서초구 방배로 지하80,방배제3동
2호선,사당,서울특별시 동작구 사당동 1129 사당역(2호선),서울특별시 동작구 남부순환로 지하2089(사당동),동작구 남부순환로 지하2089,남현동
2호선,낙성대(강감찬),서울특별시 관악구 봉천동 1693-39 낙성대역(2호선),서울특별시 관악구 남부순환로 지하1928(봉천동),관악구 남부순환로 지하1928,행운동
2호선,서울대입구(관악구청),서울특별시 관악구 봉천동 979-2 서울대입구역(2호선),서울특별시 관악구 남부순환로 지하1822(봉천동),관악구 남부순환로 지하1822,중앙동
2호선,신림,서울특별시 관악구 신림동 1467-10 신림역(2호선),서울특별시 관악구 남부순환로 지하1614(신림동),관악구 남부순환로 지하1614,신림동
2호선,신대방,서울특별시 동작구 신대방동 643-1 신대방역(2호선),서울특별시 동작구 대림로 2(신대방동),동작구 대림로 2,신대방제1동
2호선,구로디지털단지,서울특별시 구로구 구로동 810-3 구로디지털단지역(2호선),서울특별시 구로구 도림천로 477(구로동),구로구 도림천로 477,구로제3동
2호선,대림(구로구청),서울특별시 구로구 구로동 1204 대림역(2호선),서울특별시 구로구 도림천로 351(구로동),구로구 도림천로 351,구로제4동
2호선,신도림,서울특별시 구로구 신도림동 460-26 신도림역(2호선),서울특별시 구로구 새말로 지하 117-21(신도림동),구로구 새말로 지하 117-21,신도림동
2호선,문래,서울특별시 영등포구 문래동3가 68-1 문래역(2호선),서울특별시 영등포구 당산로 지하28(문래동3가),영등포구 당산로 지하28,문래동
2호선,영등포구청,서울특별시 영등포구 당산동3가 270-1 영등포구청역(2호선),서울특별시 영등포구 당산로 지하121(당산동3가),영등포구 당산로 지하121,당산제1동
2호선,당산,서울특별시 영등포구 당산동 6가 323-1 당산역(2호선),서울특별시 영등포구 당산로 229(당산동6가),영등포구 당산로 229,당산제2동
2호선,합정,서울특별시 마포구 서교동 393 합정역(2호선),서울특별시 마포구 양화로 지하55(서교동),마포구 양화로 지하55,서교동
2호선,홍대입구,서울특별시 마포구 동교동 165 홍대입구역(2호선),서울특별시 마포구 양화로 지하160(동교동),마포구 양화로 지하160,서교동
2호선,신촌(지하),서울특별시 마포구 노고산동 31-11 신촌역(2호선),서울특별시 마포구 신촌로 지하90(노고산동),마포구 신촌로 지하90,신촌동
2호선,이대,서울특별시 마포구 염리동 8-85 이대역(2호선),서울특별시 마포구 신촌로 지하180(염리동),마포구 신촌로 지하180,대흥동
2호선,아현,서울특별시 마포구 아현동 354-23 아현역(2호선),서울특별시 마포구 신촌로 지하270(아현동),마포구 신촌로 지하270,아현동
2호선,충정로(경기대입구),서울특별시 서대문구 충정로3가 319-1 충정로역(2호선),서울특별시 서대문구 서소문로 지하17(충정로3가),서대문구 서소문로 지하17,충현동
2호선,용답,서울특별시 성동구 용답동 127 용답역(2호선),서울특별시 성동구 용답길 86(용답동),성동구 용답길 86,사근동
2호선,신답,서울특별시 성동구 용답동 129-2 신답역(2호선),서울특별시 성동구 천호대로 232(용답동),성동구 천호대로 232,용답동
2호선,신설동,서울특별시 동대문구 신설동 76-5 신설동역(2호선),서울특별시 동대문구 왕산로 지하 1(신설동),동대문구 왕산로 지하 1,용신동
2호선,도림천,서울특별시 구로구 신도림동 323-16 도림천역(2호선),서울특별시 구로구 경인로67길 160(신도림동),구로구 경인로67길 160,신도림동
2호선,양천구청,서울특별시 양천구 신정동 276-7 양천구청역(2호선),서울특별시 양천구 목동로3길 지하33(신정동),양천구 목동로3길 지하33,신정제7동
2호선,신정네거리,서울특별시 양천구 신정동 1231 신정네거리역(2호선),서울특별시 양천구 중앙로 지하261(신정동),양천구 중앙로 지하261,신정제3동
2호선,용두(동대문구청),서울특별시 동대문구 용두동 47-1 용두역(2호선),서울특별시 동대문구 천호대로 지하129(용두동),동대문구 천호대로 지하129,용신동
3호선,구파발,서울특별시 은평구 진관동 67-26 구파발역(3호선),서울특별시 은평구 진관2로 지하15-25 (진관동),은평구 진관2로 지하15-25 ,진관동
3호선,연신내,서울특별시 은평구 갈현동 397 연신내역(3호선),서울특별시 은평구 통일로 지하849(갈현동),은평구 통일로 지하849,불광제2동
3호선,불광,서울특별시 은평구 대조동 13-10 불광역(3호선),서울특별시 은평구 통일로 지하723-1(대조동),은평구 통일로 지하723-1,대조동
3호선,녹번,서울특별시 은평구 녹번동 55 녹번역(3호선),서울특별시 은평구 통일로 지하602-1(녹번동),은평구 통일로 지하602-1,녹번동
3호선,홍제,서울특별시 서대문구 홍제동 161-1 홍제역(3호선),서울특별시 서대문구 통일로 지하440-1(홍제동),서대문구 통일로 지하440-1,홍제제3동
3호선,무악재,서울특별시 서대문구 홍제동 26-1 무악재역(3호선),서울특별시 서대문구 통일로 지하361(홍제동),서대문구 통일로 지하361,홍제제2동
3호선,독립문,서울특별시 서대문구 현저동 101 독립문역(3호선),서울특별시 서대문구 통일로 지하247(현저동),서대문구 통일로 지하247,천연동
3호선,경복궁(정부서울청사),서울특별시 종로구 적선동 81-1 경복궁역(3호선),서울특별시 종로구 사직로 지하130(적선동),종로구 사직로 지하130,사직동
3호선,안국,서울특별시 종로구 안국동 73-1 안국역(3호선),서울특별시 종로구 율곡로 지하62(안국동),종로구 율곡로 지하62,종로1.2.3.4가동
3호선,종로3가,서울특별시 종로구 묘동 20-5 종로3가역(3호선),서울특별시 종로구 돈화문로 지하30(묘동),종로구 돈화문로 지하30,종로1.2.3.4가동
3호선,을지로3가,서울특별시 중구 을지로3가 282-8 을지로3가역(3호선),서울특별시 중구 을지로 지하129(을지로3가),중구 을지로 지하129,을지로동
3호선,충무로,서울특별시 중구 필동2가 16-2 충무로역(3호선),서울특별시 중구 퇴계로 지하214(필동2가),중구 퇴계로 지하214,필동
3호선,동대입구,서울특별시 중구 장충동2가 199-3 동대입구역(3호선),서울특별시 중구 동호로 지하256(장충동2가),중구 동호로 지하256,장충동
3호선,약수,서울특별시 중구 신당동 369-44 약수역(3호선),서울특별시 중구 다산로 지하122(신당동),중구 다산로 지하122,약수동
3호선,금호,서울특별시 성동구 금호동4가 1470 금호역(3호선),서울특별시 성동구 동호로 지하104(금호동4가),성동구 동호로 지하104,금호4가동
3호선,옥수,서울특별시 성동구 옥수동 168-1 옥수역(3호선),서울특별시 성동구 동호로 21(옥수동),성동구 동호로 21,옥수동
3호선,압구정,서울특별시 강남구 신사동 668 압구정역(3호선),서울특별시 강남구 압구정로 지하172(신사동),강남구 압구정로 지하172,신사동
3호선,신사,서울특별시 강남구 신사동 667 신사역(3호선),서울특별시 강남구 도산대로 지하102(신사동),강남구 도산대로 지하102,논현제1동
3호선,잠원,서울특별시 서초구 잠원동 100-1 잠원역(3호선),서울특별시 서초구 잠원로4길 지하46(잠원동),서초구 잠원로4길 지하46,잠원동
3호선,고속터미널,서울특별시 서초구 반포동 19-11 고속터미널역(3호선),서울특별시 서초구 신반포로 지하188(반포동),서초구 신반포로 지하188,반포제4동
3호선,"교대(법원, 검찰청)",서울특별시 서초구 서초동 1748-4 교대역(3호선),서울특별시 서초구 서초대로 지하294(서초동),서초구 서초대로 지하294,서초제1동
3호선,남부터미널(예술의전당),서울특별시 서초구 서초동 1748-30 남부터미널역(3호선),서울특별시 서초구 서초중앙로 지하31(서초동),서초구 서초중앙로 지하31,서초제1동
3호선,양재(서초구청),서울특별시 서초구 서초동 1366-9 양재역(3호선),서울특별시 서초구 남부순환로 지하2585(서초동),서초구 남부순환로 지하2585,양재제1동
3호선,매봉,서울특별시 강남구 도곡동 179-2 매봉역(3호선),서울특별시 강남구 남부순환로 지하2744(도곡동),강남구 남부순환로 지하2744,도곡제1동
3호선,도곡,서울특별시 강남구 도곡동 339-2 도곡역(3호선),서울특별시 강남구 남부순환로 지하2814(도곡동),강남구 남부순환로 지하2814,도곡제2동
3호선,대치,서울특별시 강남구 대치동 317-3 대치역(3호선),서울특별시 강남구 남부순환로 지하2952(대치동),강남구 남부순환로 지하2952,대치제2동
3호선,학여울,서울특별시 강남구 대치동 514-3 학여울역(3호선),서울특별시 강남구 남부순환로 지하3104(대치동),강남구 남부순환로 지하3104,대치제2동
3호선,대청,서울특별시 강남구 일원동 700-9 대청역(3호선),서울특별시 강남구 일원로 지하2(일원동),강남구 일원로 지하2,개포제3동
3호선,일원,서울특별시 강남구 일원동 717 일원역(3호선),서울특별시 강남구 일원로 지하121(일원동),강남구 일원로 지하121,일원본동
3호선,수서,서울특별시 강남구 수서동 728 수서역(3호선),서울특별시 강남구 광평로 지하270(수서동),강남구 광평로 지하270,수서동
3호선,가락시장,서울특별시 송파구 가락동 184-23 가락시장역(3호선),서울특별시 송파구 송파대로 지하257(가락동),송파구 송파대로 지하257,가락제1동
3호선,경찰병원,서울특별시 송파구 가락동 10-15 경찰병원역(3호선),서울특별시 송파구 중대로 지하149(가락동),송파구 중대로 지하149,가락본동
3호선,오금,서울특별시 송파구 오금동 44-2 오금역(3호선),서울특별시 송파구 오금로 지하321(오금동),송파구 오금로 지하321,오금동
4호선,당고개,서울특별시 노원구 상계동 111 당고개역(4호선),서울특별시 노원구 상계로 305(상계동),노원구 상계로 305,상계제3.4동
4호선,상계,서울특별시 노원구 상계동 156-203 상계역(4호선),서울특별시 노원구 상계로 182(상계동),노원구 상계로 182,상계제5동
4호선,노원,서울특별시 노원구 상계동 602-5 노원역(4호선),서울특별시 노원구 상계로 69-1(상계동),노원구 상계로 69-1,상계제2동
4호선,창동,서울특별시 도봉구 창동 135-1 창동역(4호선),서울특별시 도봉구 마들로11길 77(창동),도봉구 마들로11길 77,창제5동
4호선,쌍문,서울특별시 도봉구 창동 703-4 쌍문역(4호선),서울특별시 도봉구 도봉로 지하 486-1(창동),도봉구 도봉로 지하 486-1,창제1동
4호선,수유(강북구청),서울특별시 강북구 수유동 140 수유역(4호선),서울특별시 강북구 도봉로 지하338(수유동),강북구 도봉로 지하338,수유제3동
4호선,미아(서울사이버대학),서울특별시 강북구 미아동 194-1 미아역(4호선),서울특별시 강북구 도봉로 지하198(미아동),강북구 도봉로 지하198,미아동
4호선,미아사거리 ,서울특별시 강북구 미아동 66-1 미아사거리역(4호선),서울특별시 강북구 도봉로 지하50(미아동),강북구 도봉로 지하50,송중동
4호선,길음,서울특별시 성북구 길음동 877-66 길음역(4호선),서울특별시 성북구 동소문로 지하248(길음동),성북구 동소문로 지하248,길음제1동
4호선,성신여대입구(돈암),서울특별시 성북구 동선동4가 1 성신여대입구역(4호선),서울특별시 성북구 동소문로 지하102(동선동4가),성북구 동소문로 지하102,삼선동
4호선,한성대입구(삼선교),서울특별시 성북구 삼선동1가 14 한성대입구역(4호선),서울특별시 성북구 삼선교로 지하1(삼선동1가),성북구 삼선교로 지하1,삼선동
4호선,혜화,서울특별시 종로구 명륜4가 96-5 혜화역(4호선),서울특별시 종로구 대학로 지하120(명륜4가),종로구 대학로 지하120,이화동
4호선,동대문,서울특별시 종로구 종로6가 287-1 동대문역(4호선),서울특별시 종로구 율곡로 지하308(종로6가),종로구 율곡로 지하308,종로5.6가동
4호선,동대문역사문화공원(DDP),서울특별시 중구 광희동2가 9 동대문역사문화공원역(4호선),서울특별시 중구 장충단로 지하230(광희동2가),중구 장충단로 지하230,광희동
4호선,충무로,서울특별시 중구 필동2가 16-2 충무로역(4호선),서울특별시 중구 퇴계로 지하214(필동2가),중구 퇴계로 지하214,필동
4호선,명동,서울특별시 중구 충무로2가 109-2 명동역(4호선),서울특별시 중구 퇴계로 지하126(충무로2가),중구 퇴계로 지하126,명동
4호선,회현(남대문시장),서울특별시 중구 남창동 64-1 회현역(4호선),서울특별시 중구 퇴계로 지하54(남창동),중구 퇴계로 지하54,회현동
4호선,서울,서울특별시 용산구 동자동 14-151 서울역 (4호선),서울특별시 용산구 한강대로 지하392(동자동),용산구 한강대로 지하392,남영동
4호선,숙대입구(갈월),서울특별시 용산구 갈월동 16-7 숙대입구역(4호선),서울특별시 용산구 한강대로 지하306(갈월동),용산구 한강대로 지하306,남영동
4호선,삼각지,서울특별시 용산구 한강로1가 228-1 삼각지역(4호선),서울특별시 용산구 한강대로 지하180(한강로1가),용산구 한강대로 지하180,한강로동
4호선,신용산,서울특별시 용산구 한강로2가 181 신용산역(4호선),서울특별시 용산구 한강대로 지하112(한강로2가),용산구 한강대로 지하112,한강로동
4호선,이촌(국립중앙박물관),서울특별시 용산구 용산동5가 17-112 이촌역(4호선),서울특별시 용산구 서빙고로 지하83(용산동5가),용산구 서빙고로 지하83,한강로동
4호선,동작(현충원),서울특별시 동작구 동작동 327-1 동작역(4호선),서울특별시 동작구 현충로 257(동작동),동작구 현충로 257,사당제2동
4호선,총신대입구(이수),서울특별시 동작구 사당동 736-1 총신대입구(이수)역(4호선),서울특별시 동작구 동작대로 지하117(사당동),동작구 동작대로 지하117,사당제2동
4호선,사당,서울특별시 동작구 사당동 588-44 사당역(4호선),서울특별시 동작구  동작대로 지하3(사당동),동작구  동작대로 지하3,사당제1동
4호선,남태령,서울특별시 서초구 방배동 2909 남태령역(4호선),서울특별시 서초구 과천대로 지하816(방배동),서초구 과천대로 지하816,방배제2동
5호선,방화,서울특별시 강서구 방화동 829-15 방화역(5호선),서울특별시 강서구 금낭화로 지하132(방화동),강서구 금낭화로 지하132,방화제3동
5호선,개화산,서울특별시 강서구 방화동 846 개화산역(5호선),서울특별시 강서구 양천로 22(방화동),강서구 양천로 22,방화제2동
5호선,김포공항,서울특별시 강서구 방화동 886 김포공항역(5호선),서울특별시 강서구 하늘길 지하77(방화동),강서구 하늘길 지하77,공항동
5호선,송정,서울특별시 강서구 공항동 29-5 송정역(5호선),서울특별시 강서구 공항대로 지하33(공항동),강서구 공항대로 지하33,공항동
5호선,마곡,서울특별시 강서구 마곡동 769-3 마곡역(5호선),서울특별시 강서구 공항대로 지하163(마곡동),강서구 공항대로 지하163,공항동
5호선,발산,서울특별시 강서구 마곡동 727-1496 발산역(5호선),서울특별시 강서구 공항대로 지하267(마곡동),강서구 공항대로 지하267,가양제1동
5호선,우장산,서울특별시 강서구 화곡동 1089-3 우장산역(5호선),서울특별시 강서구 강서로 지하262(화곡동),강서구 강서로 지하262,우장산동
5호선,화곡,서울특별시 강서구 화곡동 1089-54 화곡역(5호선),서울특별시 강서구 화곡로 지하168(화곡동),강서구 화곡로 지하168,화곡제1동
5호선,까치산,서울특별시 강서구 화곡동 662-5 까치산역(5호선),서울특별시 강서구 강서로 지하54(화곡동),강서구 강서로 지하54,화곡제8동
5호선,신정(은행정),서울특별시 양천구 신정동 1090 신정역(5호선),서울특별시 양천구 오목로 지하179(신정동),양천구 오목로 지하179,신정제4동
5호선,목동,서울특별시 양천구 목동 926-3 목동역(5호선),서울특별시 양천구 오목로 지하245(목동),양천구 오목로 지하245,목제1동
5호선,오목교(목동운동장앞),서울특별시 양천구 목동 406-30 오목교역(5호선),서울특별시 양천구 오목로 지하342(목동),양천구 오목로 지하342,목제1동
5호선,양평,서울특별시 영등포구 양평동2가 33-79 양평역(5호선),서울특별시 영등포구 양산로 지하21(양평동2가),영등포구 양산로 지하21,양평제1동
5호선,영등포구청,서울특별시 영등포구 당산동3가 556-1 영등포구청역(5호선),서울특별시 영등포구 양산로 지하116(당산동3가),영등포구 양산로 지하116,당산제1동
5호선,영등포시장,서울특별시 영등포구 영등포동5가 62-1 영등포시장역(5호선),서울특별시 영등포구 양산로 지하200(영등포동5가),영등포구 양산로 지하200,영등포동
5호선,신길,서울특별시 영등포구 영등포동1가 35 신길역(5호선),서울특별시 영등포구 경인로114가길 지하9(영등포동1가),영등포구 경인로114가길 지하9,영등포동
5호선,여의도,서울특별시 영등포구 여의도동 3 여의도역(5호선),서울특별시 영등포구 여의나루로 지하40(여의도동),영등포구 여의나루로 지하40,여의동
5호선,여의나루,서울특별시 영등포구 여의도동 84-4 여의나루역(5호선),서울특별시 영등포구 여의동로 지하343(여의도동),영등포구 여의동로 지하343,여의동
5호선,마포,서울특별시 마포구 도화동 160 마포역(5호선),서울특별시 마포구 마포대로 지하33(도화동),마포구 마포대로 지하33,용강동
5호선,공덕,서울특별시 마포구 공덕동 423-29 공덕역(5호선),서울특별시 마포구 마포대로 지하100(공덕동),마포구 마포대로 지하100,아현동
5호선,애오개,서울특별시 마포구 아현동 612 애오개역(5호선),서울특별시 마포구 마포대로 지하210(아현동),마포구 마포대로 지하210,아현동
5호선,충정로(경기대입구),서울특별시 서대문구 충정로3가 248-1 충정로역(5호선),서울특별시 서대문구 충정로 지하 28-1(충정로3가),서대문구 충정로 지하 28-1,충현동
5호선,서대문,서울특별시 종로구 평동 210 서대문역(5호선),서울특별시 종로구 통일로 지하126(평동),종로구 통일로 지하126,충현동
5호선,광화문(세종문화회관),서울특별시 종로구 세종로 1-68 5호선 광화문역(5호선),서울특별시 종로구 세종대로 지하172(세종로),종로구 세종대로 지하172,사직동
5호선,종로3가(탑골공원),서울특별시 종로구 돈의동 39-1 5호선 종로3가역(5호선),서울특별시 종로구 돈화문로11길 지하 26(돈의동),종로구 돈화문로11길 지하 26,종로1.2.3.4가동
5호선,을지로4가,서울특별시 중구 주교동 191 을지로4가역(5호선),서울특별시 중구 창경궁로 지하51(주교동),중구 창경궁로 지하51,을지로동
5호선,동대문역사문화공원(DDP),서울특별시 중구 광희동1가 235-6 동대문역사문화공원역(5호선),서울특별시 중구 마른내로 지하162(광희동1가),중구 마른내로 지하162,광희동
5호선,청구,서울특별시 중구 신당동 295-2 청구역(5호선),서울특별시 중구 청구로 지하77(신당동),중구 청구로 지하77,신당동
5호선,신금호,서울특별시 성동구 금호동2가 223-1 신금호역(5호선),서울특별시 성동구 금호로 지하154(금호동2가),성동구 금호로 지하154,금호2.3가동
5호선,행당,서울특별시 성동구 행당동 317-241 행당역(5호선),서울특별시 성동구 행당로 지하89(행당동),성동구 행당로 지하89,행당제2동
5호선,왕십리(성동구청),서울특별시 성동구 행당동 192 왕십리역(5호선),서울특별시 성동구 왕십리로 지하300(행당동),성동구 왕십리로 지하300,행당제1동
5호선,마장,서울특별시 성동구 마장동 804 마장역(5호선),서울특별시 성동구 마장로 지하296(마장동),성동구 마장로 지하296,마장동
5호선,답십리,서울특별시 성동구 용답동 99 답십리역(5호선),서울특별시 성동구 천호대로 지하300(용답동),성동구 천호대로 지하300,용답동
5호선,장한평,서울특별시 동대문구 장안동 472-3 장한평역(5호선),서울특별시 동대문구 천호대로 지하405(장안동),동대문구 천호대로 지하405,장안제1동
5호선,군자(능동),서울특별시 광진구 능동 275-5 군자(능동)역(5호선),서울특별시 광진구 천호대로 지하550(능동),광진구 천호대로 지하550,중곡제1동
5호선,아차산(어린이대공원후문),서울특별시 광진구 능동 256-16 5호선 아차산역(5호선),서울특별시 광진구 천호대로 지하657(능동),광진구 천호대로 지하657,능동
5호선,광나루(장신대),서울특별시 광진구 광장동 237 광나루역(5호선),서울특별시 광진구 아차산로 지하571(광장동),광진구 아차산로 지하571,광장동
5호선,천호(풍납토성),서울특별시 강동구 천호동 455 천호역(5호선),서울특별시 강동구 천호대로 지하997(천호동),강동구 천호대로 지하997,성내제2동
5호선,강동,서울특별시 강동구 천호동 447 강동역(5호선),서울특별시 강동구 천호대로 지하1097(천호동),강동구 천호대로 지하1097,성내제2동
5호선,길동,서울특별시 강동구 길동 378 길동역(5호선),서울특별시 강동구 양재대로 지하1480(길동),강동구 양재대로 지하1480,길동
5호선,굽은다리(강동구민회관앞),서울특별시 강동구 명일동 345-12 굽은다리역(5호선),서울특별시 강동구 양재대로 지하1572(명일동),강동구 양재대로 지하1572,명일제1동
5호선,명일,서울특별시 강동구 명일동 312 명일역(5호선),서울특별시 강동구 양재대로 지하1632(명일동),강동구 양재대로 지하1632,명일제1동
5호선,고덕,서울특별시 강동구 고덕동 310 고덕역(5호선),서울특별시 강동구 고덕로 지하253(고덕동),강동구 고덕로 지하253,고덕제1동
5호선,상일동,서울특별시 강동구 상일동 148 상일동역(5호선),서울특별시 강동구 고덕로 지하359(상일동),강동구 고덕로 지하359,상일1동
5호선,둔촌동,서울특별시 강동구 둔촌동 416 둔촌동역(5호선),서울특별시 강동구 양재대로 지하1369(둔촌동),강동구 양재대로 지하1369,성내제3동
5호선,올림픽공원(한국체대),서울특별시 송파구 방이동 89-28 올림픽공원역(5호선),서울특별시 송파구 양재대로 지하1233(방이동),송파구 양재대로 지하1233,오륜동
5호선,방이,서울특별시 송파구 방이동 217-2 방이역(5호선),서울특별시 송파구 양재대로 지하1127(방이동),송파구 양재대로 지하1127,방이제1동
5호선,오금,서울특별시 송파구 오금동 44-2 오금역(5호선),서울특별시 송파구 오금로 지하321(오금동),송파구 오금로 지하321,오금동
5호선,개롱,서울특별시 송파구 가락동 165-2 개롱역(5호선),서울특별시 송파구 오금로 지하402(가락동),송파구 오금로 지하402,가락제2동
5호선,거여,서울특별시 송파구 거여동 20-14 거여역(5호선),서울특별시 송파구 오금로 지하499(거여동),송파구 오금로 지하499,거여제1동
5호선,마천,서울특별시 송파구 마천동 307-4 마천역(5호선),서울특별시 송파구 마천로57길 지하7(마천동),송파구 마천로57길 지하7,마천제1동
5호선,강일,서울특별시 강동구 상일동 산73 강일역(5호선),서울특별시 강동구 고덕로 지하456(강일동),강동구 고덕로 지하456,상일2동
6호선,응암,서울특별시 은평구 신사동 22-15 응암역(6호선),서울특별시 은평구 증산로 지하477(신사동),은평구 증산로 지하477,신사제1동
6호선,역촌,서울특별시 은평구 녹번동 153-31 역촌역(6호선),서울특별시 은평구 서오릉로 지하63(녹번동),은평구 서오릉로 지하63,녹번동
6호선,불광,서울특별시 은평구 대조동 13-10 불광역(6호선),서울특별시 은평구 통일로 지하723-1(대조동),은평구 통일로 지하723-1,대조동
6호선,독바위,서울특별시 은평구 불광동 13-33 독바위역(6호선),서울특별시 은평구 불광로 지하129-1(불광동),은평구 불광로 지하129-1,불광제1동
6호선,연신내,서울특별시 은평구 갈현동 397 연신내역(6호선),서울특별시 은평구 통일로 지하849(갈현동),은평구 통일로 지하849,불광제2동
6호선,구산,서울특별시 은평구 구산동 1 구산역(6호선),서울특별시 은평구 연서로 지하137-1(구산동),은평구 연서로 지하137-1,구산동
6호선,새절(신사),서울특별시 은평구 신사동 337-5 새절역(6호선),서울특별시 은평구 증산로 지하400(신사동),은평구 증산로 지하400,신사제2동
6호선,증산(명지대앞),서울특별시 은평구 증산동 199-8 증산역(6호선),서울특별시 은평구 증산로 지하306(증산동),은평구 증산로 지하306,증산동
6호선,디지털미디어시티,서울특별시 은평구 증산동 223-25 디지털미디어시티역(6호선),서울특별시 은평구 수색로 지하175(증산동),은평구 수색로 지하175,증산동
6호선,월드컵경기장(성산),서울특별시 마포구 성산동 420 월드컵경기장역(6호선),서울특별시 마포구 월드컵로 지하240(성산동),마포구 월드컵로 지하240,성산제2동
6호선,마포구청,서울특별시 마포구 성산동 592 마포구청역(6호선),서울특별시 마포구 월드컵로 지하190(성산동),마포구 월드컵로 지하190,성산제2동
6호선,망원,서울특별시 마포구 망원동 378 망원역(6호선),서울특별시 마포구 월드컵로 지하77(망원동),마포구 월드컵로 지하77,서교동
6호선,합정,서울특별시 마포구 합정동 414 합정역(6호선),서울특별시 마포구 양화로 지하45(합정동),마포구 양화로 지하45,합정동
6호선,상수,서울특별시 마포구 상수동 309-10 상수역(6호선),서울특별시 마포구 독막로 지하85(상수동),마포구 독막로 지하85,서강동
6호선,광흥창(서강),서울특별시 마포구 창전동 145-17 광흥창역(6호선),서울특별시 마포구 독막로 지하165(창전동),마포구 독막로 지하165,서강동
6호선,대흥(서강대앞),서울특별시 마포구 대흥동 128-1 대흥역(6호선),서울특별시 마포구 대흥로 지하85(대흥동),마포구 대흥로 지하85,대흥동
6호선,공덕,서울특별시 마포구 공덕동 439 공덕역(6호선),서울특별시 마포구 백범로 지하200(공덕동),마포구 백범로 지하200,공덕동
6호선,효창공원앞,서울특별시 용산구 효창동 80 효창공원앞역(6호선),서울특별시 용산구 백범로 지하287(효창동),용산구 백범로 지하287,효창동
6호선,삼각지,서울특별시 용산구 한강로1가 228-1 삼각지역(6호선),서울특별시 용산구 한강대로 지하185(한강로1가),용산구 한강대로 지하185,한강로동
6호선,녹사평(용산구청),서울특별시 용산구 용산동4가 4 녹사평역(6호선),서울특별시 용산구 녹사평대로 지하195(용산동4가),용산구 녹사평대로 지하195,용산2가동
6호선,이태원,서울특별시 용산구 이태원동 119-23 이태원역(6호선),서울특별시 용산구 이태원로 지하177(이태원동),용산구 이태원로 지하177,이태원제1동
6호선,한강진,서울특별시 용산구 한남동 726-494 한강진역(6호선),서울특별시 용산구 이태원로 지하287(한남동),용산구 이태원로 지하287,한남동
6호선,버티고개,서울특별시 중구 신당동 366-454 버티고개역(6호선),서울특별시 중구 다산로 지하38(신당동),중구 다산로 지하38,약수동
6호선,약수,서울특별시 중구 신당동 369-2 약수역(6호선),서울특별시 중구 다산로 지하115(신당동),중구 다산로 지하115,다산동
6호선,청구,서울특별시 중구 신당동 295-2 청구역(6호선),서울특별시 중구 청구로 지하77(신당동),중구 청구로 지하77,신당동
6호선,신당,서울특별시 중구 흥인동 162-1 신당역(6호선),서울특별시 중구 다산로 지하260(흥인동),중구 다산로 지하260,신당동
6호선,동묘앞,서울특별시 종로구 숭인동 316-3 동묘앞역(6호선),서울특별시 종로구 지봉로 지하24(숭인동),종로구 지봉로 지하24,창신제1동
6호선,창신,서울특별시 종로구 창신동 20-8 창신역(6호선),서울특별시 종로구 지봉로 지하112(창신동),종로구 지봉로 지하112,창신제3동
6호선,보문,서울특별시 성북구 보문동1가 127-1 보문역(6호선),서울특별시 성북구 보문로 지하116(보문동1가),성북구 보문로 지하116,보문동
6호선,안암(고대병원앞),서울특별시 성북구 안암동5가 146-1 안암역(6호선),서울특별시 성북구 고려대로 지하89(안암동5가),성북구 고려대로 지하89,안암동
6호선,고려대(종암),서울특별시 성북구 종암동 29-18 고려대역(6호선),서울특별시 성북구 종암로 지하1(종암동),성북구 종암로 지하1,종암동
6호선,월곡(동덕여대),서울특별시 성북구 하월곡동 35-1 월곡역(6호선),서울특별시 성북구 월곡로 지하107(하월곡동),성북구 월곡로 지하107,월곡제2동
6호선,상월곡(한국과학기술연구원),서울특별시 성북구 상월곡동 26-1 상월곡역(6호선),서울특별시 성북구 화랑로 지하157(상월곡동),성북구 화랑로 지하157,월곡제2동
6호선,돌곶이,서울특별시 성북구 석관동 349-8 돌곶이역(6호선),서울특별시 성북구 화랑로 지하243(석관동),성북구 화랑로 지하243,장위제2동
6호선,석계,서울특별시 노원구 월계동 25-2 석계역(6호선),서울특별시 노원구 화랑로 지하 347-1(월계동) ,노원구 화랑로 지하 347-1,월계제3동
6호선,태릉입구,서울특별시 노원구 공릉동 616-4 태릉입구역(6호선),서울특별시 노원구 동일로 지하 992-1(공릉동),노원구 동일로 지하 992-1,공릉제1동
6호선,화랑대(서울여대입구),서울특별시 노원구 공릉동 285-2 화랑대역(6호선),서울특별시 노원구 화랑로 지하510(공릉동),노원구 화랑로 지하510,공릉제2동
6호선,봉화산(서울의료원),서울특별시 중랑구 신내동 643-1 봉화산역(6호선),서울특별시 중랑구 신내로 지하232(신내동),중랑구 신내로 지하232,신내제2동
6호선,신내,서울특별시 중랑구 신내동 19 신내역(6호선),서울특별시 중랑구 용마산로136길 33 신내차량기지,중랑구 용마산로136길 33 신내차량기지,망우본동
7호선,도봉산,서울특별시 도봉구 도봉동 38-3 도봉산역(7호선),서울특별시 도봉구 도봉로 964-40(도봉동),도봉구 도봉로 964-40,도봉제2동
7호선,수락산,서울특별시 노원구 상계동 1132-9 수락산역(7호선),서울특별시 노원구 동일로 지하1662(상계동),노원구 동일로 지하1662,상계제1동
7호선,마들,서울특별시 노원구 상계동 650 마들역(7호선),서울특별시 노원구 동일로 지하1530-1(상계동),노원구 동일로 지하1530-1,상계제8동
7호선,노원,서울특별시 노원구 상계동 729 노원역(7호선),서울특별시 노원구 동일로 지하1409(상계동),노원구 동일로 지하1409,상계제2동
7호선,중계,서울특별시 노원구 중계동 503-3 중계역(7호선),서울특별시 노원구 동일로 지하1308-1(중계동),노원구 동일로 지하1308-1,중계제2.3동
7호선,하계,서울특별시 노원구 하계동 273-5 하계역(7호선),서울특별시 노원구 동일로 지하1196(하계동),노원구 동일로 지하1196,하계제2동
7호선,공릉(서울과학기술대),서울특별시 노원구 공릉동 385-4 공릉역(7호선),서울특별시 노원구 동일로 지하1074(공릉동),노원구 동일로 지하1074,공릉제1동
7호선,태릉입구,서울특별시 노원구 공릉동 616-4 태릉입구역(7호선),서울특별시 노원구 동일로 지하 992-1(공릉동),노원구 동일로 지하 992-1,공릉제1동
7호선,먹골,서울특별시 중랑구 묵동 189-5 먹골역(7호선),서울특별시 중랑구 동일로 지하901(묵동),중랑구 동일로 지하901,묵제1동
7호선,중화,서울특별시 중랑구 중화동 50-3 중화역(7호선),서울특별시 중랑구 동일로 지하797(중화동),중랑구 동일로 지하797,중화제1동
7호선,상봉(시외버스터미널),서울특별시 중랑구 상봉동 100-9 상봉역(7호선),서울특별시 중랑구 망우로 297(상봉동),중랑구 망우로 297,상봉제1동
7호선,면목,서울특별시 중랑구 면목동 282-6 면목역(7호선),서울특별시 중랑구 면목로 지하407(면목동) ,중랑구 면목로 지하407,면목본동
7호선,사가정,서울특별시 중랑구 면목동 495 사가정역(7호선),서울특별시 중랑구 사가정로 지하393(면목동),중랑구 사가정로 지하393,면목제3.8동
7호선,용마산(용마폭포공원),서울특별시 중랑구 면목동 1316-5 용마산역(7호선),서울특별시 중랑구 용마산로 지하227(면목동),중랑구 용마산로 지하227,면목제4동
7호선,중곡,서울특별시 광진구 중곡동 273-2 7호선 중곡역(7호선),서울특별시 광진구 능동로 지하417(중곡동),광진구 능동로 지하417,중곡제3동
7호선,군자(능동),서울특별시 광진구 능동 275-5 군자(능동)역(7호선),서울특별시 광진구 천호대로 지하550(능동),광진구 천호대로 지하550,중곡제1동
7호선,어린이대공원(세종대),서울특별시 광진구 화양동 164-1 어린이대공원역(7호선),서울특별시 광진구 능동로 지하210(화양동),광진구 능동로 지하210,능동
7호선,건대입구,서울특별시 광진구 화양동 6-3 건대입구역(7호선),서울특별시 광진구 능동로 지하110(화양동),광진구 능동로 지하110,화양동
7호선,뚝섬유원지,서울특별시 광진구 자양동 73-2 뚝섬유원지역(7호선),서울특별시 광진구 능동로 10(자양동),광진구 능동로 10,자양제3동
7호선,청담,서울특별시 강남구 청담동 77-76 청담역(7호선),서울특별시 강남구 학동로 지하508(청담동),강남구 학동로 지하508,삼성제1동
7호선,강남구청,서울특별시 강남구 삼성동 111-44 강남구청역(7호선),서울특별시 강남구 학동로 지하346(삼성동),강남구 학동로 지하346,삼성제2동
7호선,학동,서울특별시 강남구 논현동 279-67 학동역(7호선),서울특별시 강남구 학동로 지하180(논현동),강남구 학동로 지하180,논현제2동
7호선,논현,서울특별시 강남구 논현동 279-67 논현역(7호선),서울특별시 강남구 학동로 지하102(논현동),강남구 학동로 지하102,논현제1동
7호선,반포,서울특별시 서초구 잠원동 103 반포역(7호선),서울특별시 서초구 신반포로 지하241(잠원동),서초구 신반포로 지하241,반포제1동
7호선,고속터미널,서울특별시 서초구 반포동 19-11 고속터미널역(7호선),서울특별시 서초구 신반포로 지하188(반포동),서초구 신반포로 지하188,반포제4동
7호선,내방,서울특별시 서초구 방배동 874-16 내방역(7호선),서울특별시 서초구 서초대로 지하103(방배동),서초구 서초대로 지하103,방배제1동
7호선,이수,서울특별시 동작구 사당동 144-4 이수역(7호선),서울특별시 동작구 사당로 지하310(사당동),동작구 사당로 지하310,사당제1동
7호선,남성,서울특별시 동작구 사당동 산25-33 남성역(7호선),서울특별시 동작구 사당로 지하218(사당동),동작구 사당로 지하218,사당제4동
7호선,숭실대입구(살피재),서울특별시 동작구 상도동 514 숭실대입구역(7호선),서울특별시 동작구 상도로 지하378(상도동),동작구 상도로 지하378,상도제1동
7호선,상도,서울특별시 동작구 상도1동 702-1 상도역(중대입구역)(7호선),서울특별시 동작구 상도로 지하272(상도1동),동작구 상도로 지하272,상도제1동
7호선,장승배기,서울특별시 동작구 상도동 26-20 장승배기역(7호선),서울특별시 동작구 상도로 지하188(상도동) ,동작구 상도로 지하188,상도제2동
7호선,신대방삼거리,서울특별시 동작구 대방동 406-10 신대방삼거리역(7호선),서울특별시 동작구 상도로 지하76(대방동),동작구 상도로 지하76,대방동
7호선,보라매,서울특별시 동작구 대방동 466-51 보라매역(7호선),서울특별시 동작구 상도로 지하2(대방동),동작구 상도로 지하2,대방동
7호선,신풍,서울특별시 영등포구 신길동 3599 신풍역(7호선),서울특별시 영등포구 신풍로 지하27(신길동),영등포구 신풍로 지하27,신길제6동
7호선,대림(구로구청),서울특별시 영등포구 대림동 1050-17 대림역(7호선),서울특별시 영등포구 도림로 지하137(대림동),영등포구 도림로 지하137,대림제3동
7호선,남구로,서울특별시 구로구 구로동 801-95 남구로역(7호선),서울특별시 구로구 도림로 지하7(구로동) ,구로구 도림로 지하7,구로제3동
7호선,가산디지털단지,서울특별시 금천구 가산동 468-4 가산디지털단지역(7호선),서울특별시 금천구 벚꽃로 309(가산동),금천구 벚꽃로 309,가산동
7호선,천왕,서울특별시 구로구 천왕동 14-25 천왕역(7호선),서울특별시 구로구 오리로 지하1154(천왕동),구로구 오리로 지하1154,오류제2동
7호선,온수(성공회대입구),서울특별시 구로구 온수동 119 온수역(7호선),서울특별시 구로구 경인로3길 지하64(온수동),구로구 경인로3길 지하64,수궁동
8호선,암사,서울특별시 강동구 암사동 501 암사역(8호선),서울특별시 강동구 올림픽로 지하776(암사동),강동구 올림픽로 지하776,암사제1동
8호선,천호(풍납토성),서울특별시 강동구 천호동 455 천호역(8호선),서울특별시 강동구 천호대로 지하997(천호동),강동구 천호대로 지하997,성내제2동
8호선,강동구청,서울특별시 강동구 성내동 319 강동구청역(8호선),서울특별시 강동구 올림픽로 지하550(성내동),강동구 올림픽로 지하550,성내제1동
8호선,몽촌토성(평화의문),서울특별시 송파구 신천동 19 몽촌토성역(8호선),서울특별시 송파구 올림픽로 지하383(신천동),송파구 올림픽로 지하383,잠실제4동
8호선,잠실(송파구청),서울특별시 송파구 신천동 7-4 잠실역(8호선),서울특별시 송파구 올림픽로 305(신천동),송파구 올림픽로 305,잠실제6동
8호선,석촌,서울특별시 송파구 석촌동 209 석촌역(8호선),서울특별시 송파구 송파대로 지하439(석촌동),송파구 송파대로 지하439,석촌동
8호선,송파,서울특별시 송파구 가락동 459-4 송파역(8호선),서울특별시 송파구 송파대로 지하354(가락동),송파구 송파대로 지하354,가락제1동
8호선,가락시장,서울특별시 송파구 가락동 184-23 가락시장역(8호선),서울특별시 송파구 송파대로 지하257(가락동),송파구 송파대로 지하257,가락제1동
8호선,문정,서울특별시 송파구 문정동 119-4 문정역(8호선),서울특별시 송파구 송파대로 지하179(문정동),송파구 송파대로 지하179,문정제2동
8호선,장지,서울특별시 송파구 장지동 201-5 장지역(8호선),서울특별시 송파구 송파대로 지하82(장지동),송파구 송파대로 지하82,문정제2동
8호선,복정,서울특별시 송파구 장지동 596-21 복정역(8호선),서울특별시 송파구 송파대로 지하6(장지동),송파구 송파대로 지하6,위례동
9호선,언주,서울특별시 강남구 논현동 279-165 언주역(9호선),서울특별시 강남구 봉은사로 지하201(논현동),강남구 봉은사로 지하201,논현제2동
9호선,선정릉,서울특별시 강남구 삼성동 111-114 선정릉역(9호선),서울특별시 강남구 선릉로 지하580(삼성동),강남구 선릉로 지하580,삼성제2동
9호선,삼성중앙,서울특별시 강남구 삼성동 111-147 삼성중앙역(9호선),서울특별시 강남구 봉은사로 지하501(삼성동),강남구 봉은사로 지하501,삼성제2동
9호선,봉은사,서울특별시 강남구 삼성동 172 봉은사역(9호선),서울특별시 강남구 봉은사로 지하601(삼성동),강남구 봉은사로 지하601,삼성제1동
9호선,종합운동장,서울특별시 송파구 잠실동 123 종합운동장역(9호선),서울특별시 송파구 올림픽로 49(잠실동),송파구 올림픽로 49,잠실제2동
9호선,삼전,서울특별시 송파구 잠실동 347 삼전역(9호선),서울특별시 송파구 백제고분로 지하189(잠실동),송파구 백제고분로 지하189,삼전동
9호선,석촌고분,서울특별시 송파구 삼전동 157-1 석촌고분역(9호선),서울특별시 송파구 백제고분로 지하274(삼전동),송파구 백제고분로 지하274,삼전동
9호선,석촌,서울특별시 송파구 석촌동 209 석촌역(9호선),서울특별시 송파구 송파대로 지하439(석촌동),송파구 송파대로 지하439,석촌동
9호선,송파나루,서울특별시 송파구 방이동 2 송파나루역(9호선),서울특별시 송파구 백제고분로 지하446(방이동),송파구 백제고분로 지하446,방이제2동
9호선,한성백제,서울특별시 송파구 방이동 88-17 한성백제역(9호선),서울특별시 송파구 위례성대로 지하29(방이동),송파구 위례성대로 지하29,오륜동
9호선,올림픽공원(한국체대),서울특별시 송파구 방이동 89-28 올림픽공원역(9호선),서울특별시 송파구 양재대로 지하1233(방이동),송파구 양재대로 지하1233,오륜동
9호선,둔촌오륜,서울특별시 강동구 둔촌동 227-7 둔촌오륜역(9호선),서울특별시 강동구 강동대로 지하303(둔촌동),강동구 강동대로 지하303,둔촌제1동
9호선,중앙보훈병원,서울특별시 강동구 둔촌동 8-1 중앙보훈병원역(9호선),서울특별시 강동구 동남로 지하625(둔촌동),강동구 동남로 지하625,둔촌제2동
경의중앙,가좌,서울특별시 서대문구 남가좌동 296-12,서울특별시 서대문구 수색로 27,서대문구 수색로 27,남가좌제1동
경의중앙,공덕,서울특별시 마포구 도화동 25-13,서울특별시 마포구 마포대로 92,마포구 마포대로 92,도화동
경의중앙,디지털미디어시티,서울특별시 은평구 수색동 37-7,서울특별시 은평구 수색로 193,은평구 수색로 193,수색동
경의중앙,망우,서울특별시 중랑구 상봉동 172,서울특별시 중랑구 망우로 55길 11-10,중랑구 망우로 55길 11-10,상봉제1동
경의중앙,상봉,서울특별시 중랑구 상봉동 100-46,서울특별시 중랑구 망우로 297,중랑구 망우로 297,상봉제1동
경의중앙,서강대,서울특별시 마포구 노고산동 112-5,서울특별시 마포구 서강로 118,마포구 서강로 118,대흥동
경의중앙,서빙고,서울특별시 용산구 서빙고동 241-98,서울특별시 용산구 서빙고로 238,용산구 서빙고로 238,서빙고동
경의중앙,서울역,서울특별시 중구 남대문로5가 73-6,서울특별시 세종대로 지하 2 ,세종대로 지하 2,회현동
경의중앙,수색,서울특별시 은평구 수색동 81,서울특별시 은평구 수색로 261-1,은평구 수색로 261-1,수색동
경의중앙,신촌,서울특별시 서대문구 신촌동 74-12,서울특별시 서대문구 신촌역로 30,서대문구 신촌역로 30,신촌동
경의중앙,양원(서울시북부병원),서울특별시 중랑구 망우동 269-5,서울특별시 중랑구 송림길 147,중랑구 송림길 147,망우본동
경의중앙,옥수,서울특별시 성동구 옥수동 168-1,서울특별시 성동구 동호로 21,성동구 동호로 21,옥수동
경의중앙,왕십리,서울특별시 성동구 행당동 168-151,서울특별시 성동구 왕십리광장로 17,성동구 왕십리광장로 17,행당제1동
경의중앙,용산,서울특별시 용산구 한강로3가 40-999,서울특별시 용산구 한강대로 23길 55,용산구 한강대로 23길 55,한강로동
경의중앙,응봉,서울특별시 성동구 응봉동 246,서울특별시 성동구 고산자로 123,성동구 고산자로 123,응봉동
경의중앙,이촌,서울특별시 용산구 이촌동 17-69,서울특별시 용산구 이촌로 71길 42,용산구 이촌로 71길 42,한강로동
경의중앙,중랑,서울특별시 중랑구 중화동 73-7,서울특별시 중랑구 중랑역로 9,중랑구 중랑역로 9,중화제2동
경의중앙,청량리,서울특별시 동대문구 전농동 588-1,서울특별시 동대문구 왕산로 214,동대문구 왕산로 214,전농제1동
경의중앙,한남,서울특별시 용산구 한남동 399-7,서울특별시 용산구 독서당로 6길 12-13,용산구 독서당로 6길 12-13,한남동
경의중앙,홍대입구,서울특별시 마포구 동교동 190-1,서울특별시 마포구 양화로 188,마포구 양화로 188,서교동
경의중앙,회기,서울특별시 동대문구 휘경동 317-101,서울특별시 동대문구 회기로 196,동대문구 회기로 196,휘경제1동
경의중앙,효창공원앞,서울특별시 용산구 효창동 80 ,서울특별시 용산구 백범로 지하287 (효창동),용산구 백범로 지하287 ,효창동
경춘,광운대,서울특별시 노원구 월계동 85,서울특별시 노원구 석계로 98-2,노원구 석계로 98-2,월계제1동
경춘,망우,서울특별시 중랑구 상봉동 172,서울특별시 중랑구 망우로 55길 11-10,중랑구 망우로 55길 11-10,상봉제1동
경춘,상봉,서울특별시 중랑구 상봉동 100-46,서울특별시 중랑구 망우로 297,중랑구 망우로 297,상봉제1동
경춘,신내,서울특별시 중랑구 망우동 320,서울특별시 중랑구 신내역로 20,중랑구 신내역로 20,망우본동
경춘,중랑,서울특별시 중랑구 중화동 73-7,서울특별시 중랑구 중랑역로 9,중랑구 중랑역로 9,중화제2동
경춘,청량리,서울특별시 동대문구 전농동 588-1,서울특별시 동대문구 왕산로 214,동대문구 왕산로 214,전농제1동
경춘,회기,서울특별시 동대문구 휘경동 317-101,서울특별시 동대문구 회기로 196,동대문구 회기로 196,휘경제1동
분당,강남구청,서울특별시 강남구 삼성동 111-44,서울특별시 강남구 학동로 346,강남구 학동로 346,삼성제2동
분당,개포동,서울특별시 강남구 개포동 195,서울특별시 강남구 개포로 420,강남구 개포로 420,개포제2동
분당,구룡,서울특별시 강남구 개포동 175-3,서울특별시 강남구 개포로 403,강남구 개포로 403,개포제2동
분당,대모산입구,서울특별시 강남구 일원동 700,서울특별시 강남구 개포로 522,강남구 개포로 522,개포제2동
분당,도곡,서울특별시 강남구 도곡동 467-5,서울특별시 강남구 남부순환로 2814,강남구 남부순환로 2814,도곡제2동
분당,복정(동서울대학),서울특별시 송파구 장지동 596-21,서울특별시 송파구 송파대로 6,송파구 송파대로 6,위례동
분당,서울숲,서울특별시 성동구 성수동1가 656-436,서울특별시 성동구 왕십리로 77,성동구 왕십리로 77,성수1가제1동
분당,선릉,서울특별시 강남구 삼성동 172-66,서울특별시 강남구 선릉로 340,강남구 선릉로 340,대치제4동
분당,선정릉(한국과학창의재단),서울특별시 강남구 삼성동 111-44,서울특별시 강남구 선릉로 580,강남구 선릉로 580,삼성제2동
분당,수서,서울특별시 강남구 수서동 728,서울특별시 강남구 광평로 270,강남구 광평로 270,수서동
분당,압구정로데오,서울특별시 강남구 압구정동 495,서울특별시 강남구 압구정로 402,강남구 압구정로 402,청담동
분당,왕십리,서울특별시 성동구 행당동 168-151,서울특별시 성동구 왕십리광장로 17,성동구 왕십리광장로 17,행당제1동
분당,한티,서울특별시 강남구 대치동 1011-28,서울특별시 강남구 선릉로 228,강남구 선릉로 228,도곡제2동
