연번,공원명,면적,개원일,주요시설,주요식물,지역,공원주소,주소,읍면동명,X좌표(GRS80TM),Y좌표(GRS80TM),X좌표(WGS84),Y좌표(WGS84)
1,남산도시자연공원,2896887㎡ 임 야 : 2454140㎡ 녹지대 및 기타시설 : 442747㎡,1968.9.10,기반시설 : 광장 45950㎡ 도로 108530㎡ 산책로 6.7㎞ (북측:3.7㎞/남측:3.0㎞) 조경시설 : 연못 1개소(1078㎡) 파고라 분수대 그늘시렁 운동시설 : 테니스장 야구장 궁도장 배드민턴장 교양시설 : 도서관 야외식물원 안중근의사 기념관 편익시설 : 주차장 매점 음수대 팔각정 화장실 밴치 타워전망대 기타시설 : 순환도로 18.9㎞,소나무 단풍 아카시아 상수리나무 등 191종 2881870주,중구,서울특별시 중구 삼일대로 231(예장동),중구 삼일대로 231,필동,198364.107,450395.554,126.9903773,37.5501402
2,길동생태공원,80683㎡,1999.5.20,탐방객안내소 야외전시대 관찰대 목재데크 조류관찰대 길동생태문화센터,소나무 보리수 등 64종 31800주 산국 부들 등 138종 192800본,강동구,서울특별시 강동구 천호대로 1291(길동생태공원) ,강동구 천호대로 1291,길동,213554.12,448852.675,127.1547791,37.5403935
4,서울숲,480994㎡,2005.6.18,4개 테마공원: 문화예술공원 자연생태숲 자연체험학습원 습지생태원 주요시설: 가족마당 야외무대 사슴우리 곤충식물원 체육시설 놀이터 산책로 등 ,수 목 : 소나무 섬잣나무 계수나무 외 95종 415795주 식물원 : 선인장 등 231종 7755본 초 화 : 개미취 구절초 갈대 외 8종 3250본,성동구,서울특별시 성동구 뚝섬로 273 (성수동1가) ,성동구 뚝섬로 273,성수1가제1동,203695.432,449290.726,127.0417982,37.5430717
5,월드컵공원,2284085㎡,2002.5.1,평화의 공원 월드컵공원전시관(879㎡) 유니세프광장(2400㎡) 평화광장(5217㎡) 난지연못(24522㎡) 휴게소2개소 화장실 6개소 음수전 2개소 별자리광장(2800㎡) 잔디광장(15110㎡) 야외전시장(5145㎡) 모험놀이터(1133㎡) 피크닉장(멍석20개) 테니스장 2면 평화의정원 1개소 주차장(1242면) 에너지제로하우스 하늘공원 탐방객안내소(103㎡) 풍력발전기 5개소 전망대 20개소 화장실 5개소 음수전 4개소 하늘계단 하늘을 담는 그릇 초지(109567㎡) 난지천공원 인조잔디축구장 게이트볼장(1188㎡) 농구장(420㎡) 음수전 4개소 화장실 5개소 배드민턴장(328㎡) 다목적구장(3240㎡) 장애인놀이터(1591㎡) 어린이놀이터(706㎡) 매점 2개소 잔디광장(16193㎡) 오리연못(3600㎡) 주차장(난지천 196면 임시주차장 250면 장애인주차장 53면) 노을공원 관찰?쉼터데크 전망데크 바람의광장 누에생태체험장 노을캠핑장 파크골프장 노을계단 조각 작품 10 반딧불이 관찰원 커뮤니티센터 난지창작스튜디오 희망의숲 등 매립지 사면 달리기코스(난지순환길 5.8㎞) 수림대 사면녹화 기타시설 지역난방공사 자원회수시설 수소충전시설 수소발전시설 ,,마포구,서울특별시 마포구 하늘공원로 84(월드컵공원),마포구 하늘공원로 84,상암동,190658.07,451598.831,126.878907,37.571805
6,광화문시민열린마당,8948.1㎡,1999.1.1,조 경 시 설 : 육조상징벽 6개소 전통담장 4개소 열주 22조 화계6개소 편 익 시 설 : 화강석의자 35조 관 리 시 설 : 광장등 4본 정원등 23본 투사등 28본 열주내장등 22본 기 반 시 설 : 열린마당 3280㎡ 육조마당 920㎡ 휴게마당 1670㎡ 녹지대 3078㎡ 대형전용 주차장 : 9면 ,수 목 : 소나무 느티나무 배롱나무등 27종 5535주 초 화 : 맥문동 꽃창포 수련등 3692본 ,종로구,서울특별시 종로구 세종로 76-2,종로구 세종로 76-2,청운효자동,198054.179,452832.049,126.9780227,37.5750449
7,진관근린공원(구파발폭포),휴양 및 편익시설 : 평의자 7개 화장실 23.18㎡ 조경시설 - 은하폭포(높이 12m × 폭10m 발원지로부터 17.3m 폭 1.5 ~ 10m 수조 255㎡ 담수량 140t) - 산성폭포(높이 5m×폭 12m 수조 90㎡ 담수량 75t)- 명속의 벽 1개소(높이 5.4m) 교양시설 : 야외공연무대 102㎡ 관리시설 : 관리실 8.55㎡ 전기실 51.03㎡ 기계실 83.36㎡ 안내판 1개 공원 등 18본 휴양시설 : 벤취 12개 ,1997.10.1,폭포 야외무대,수 목 : 소나무 잣나무 주목 느티나무 은행나무 등 29종 6515주 초 화 : 구절초 참나리 비비추 돌나물 벌개미취 등 7종 4358본 ,은평구,서울특별시 은평구 진관동 393,은평구 진관동 393,진관동,192864.424,459694.746,126.9192155,37.6370244
8,중마루근린공원,6456㎥,1997.11.25 ,기반시설 : 광장 200㎡ 산책 등산로 0.50㎞ 편익시설 : 광장  의자 휴지통 음수대 공원등 등 편익시설 : 파고라 연못 1개소(150㎡) 그늘시렁 등 휴양시설 : 정자,수 목 : 소나무 느티나무 외 43종 3580주 초 화 : 비비추 옥잠화외 25종 11580본,영등포구,서울특별시 영등포구 영등포동2가 222,영등포구 영등포동2가 222,영등포동,192162.09,446711.963,126.9112668,37.519832
9,응봉공원,80309㎡ 배수지 시설용량 : 201.000㎥ 송수 펌프용량 : 직송급수계통 30000㎥/일 금호배수지계통 16400㎥/일 ,2003.2.21 ,조경시설 : 파고라 외 222소 운동시설 : 잔디광장 테니스장 2면 게이트볼장 배드민턴장 6면 다목적경기장 등 편익시설 : 음수대 화장실 2동 등 기타시설 : 관리동 등 ,아까시나무 소나무 살구나무 개나리,성동구,서울특별시 성동구 금호동1가 산1-72,성동구 금호동 1가 산 1-72,금호1가동,201884.862,450829.348,127.0217653,37.5572281
10,매화근린공원,1980.4㎡   ,1998.6.18 ,상징조형물 팔각정자 사각파고라 음수전 ,소나무 느티나무 등 29종 9912주  ,강서구,서울특별시 강서구 등촌동 630-14,강서구 등촌동 630-14,등촌제1동,187712.085,450892.604,126.86115,37.5575833
11,성수근린공원,5197.7㎡ ,1998.5.28 ,조경시설 : 그늘시렁 4개소 돌담 2개소(251.31M) 돌담 장식대 84개소 운동시설 : 농구장 176.6㎡ 배드민턴장 2면 편익시설 : 음수대 1개소 벤취 38개소 광장 706㎡ 관리시설 : 공원등 12본 (잔디등 6개소 투시등 2개소),수 목 : 소나무 계수나무 감나무 등 20종 2844주 초 화 : 수호초 꽃잔디 애기나리 등 13종 9980본 ,성동구,서울특별시 성동구 성수2가 3동 302-25,성동구 성수2가 3동 302-25,성수2가제3동,204637.837,449470.206,127.0524023,37.5448144
12,샛마을근린공원,11467㎡ ,1999.5.31,농구대 2개소 체력단련시설 놀이터 다목적운동장 연못1개,느티나무 단풍나무 등 28종 10197주 원추리 수호초 맥문동 등 3종 5710본,강동구,서울특별시 강동구 명일1동 288,강동구 명일1동 288,명일제1동,212935.156,450185.001,127.1471618,37.5504807
13,여의도근린공원,229539㎡,1999.1.24 ,건축물 : 8동 - 관리사무실(7.9㎡) 편의점3동(각 29.7㎡) 화장실7동(각104.28㎡)팔각정(27.72㎡) 사모정(8.91㎡) 공원지구대(264㎡) 공원파출소     - 자전거 도로 : 2.4km(폭4~6m) 산책로 : 3.9km(폭 2m)     - 한강둔치 연결 지하보도 : 120m(높이 2.5m 폭 8m)     - 공원등 : 334개소     - 스프링클러 : 6.4km 155개소     - 광장 : 24735㎡(7482평)     - 자전거보관대 : 2개소(16대)     - 연못 : 3개소 4848㎡( 지당연못 3530㎡ 생태연못 730㎡ 잔디마당연못 588㎡) ,수 목 : 소나무 느티나무 은행나무 마가목 자작나무 무궁화 좀작살 라일락 산수유 구상나무 계수나무 모과나무 정향나무 등 교목 87종 13863주 관목 45종 205051주     - 초 화 : 32종 342866본    ,영등포구,서울특별시 영등포구 여의공원로 68 (여의도동),영등포구 여의공원로 68,여의동,193224.42,447495.851,126.922377,37.526129
14,간데메근린공원,15179.7 ㎡ ,,,,동대문구,서울특별시 동대문구 서울시립대로2길 59(간데메공원),동대문구 서울시립대로2길 59,답십리제1동,204339.82,452584.376,127.0488644,37.5732438
15,훈련원근린공원,16734.60㎥ ,1997.6.30,편익시설 : 관리실(29.30㎡) 화장실(33.62㎡) 벤취 34 조경시설 : 수목 소나무외 26종 22771주 잔디 9039㎡ (2734평) 파고라 1 음수대 1계류천 벽천 안개분수 ,수 목 : 소나무외 26종 22771주 초화류 : 비비추 맥문동 새덤 등 9600본 잔디 9029㎡ ,중구,서울특별시 중구 을지로 227,중구 을지로 227,을지로동,200301.274,451995.862,127.0038188,37.5675245
16,영등포근린공원,61544㎡ 녹지대 : 40792㎡ 광 장 : 6600㎡ 기 타 : 14152㎡,1998.7.8,관리시설 : 관리사무소 공원등 안내판 조경시설 : 음악분수 파고라 연못 개울 벽천 잔디밭 운동시설 : 농구장 배드민턴장 풋살경기장 편익시설 : 주차장 공중전화 음수전 화장실 의자 휴양시설 : 야외정자,수 목 : 소나무 층층나무 등 56종 50551주 초 화 : 옥잠화 각시붓꽃 등 38종 26945본,영등포구,서울특별시 영등포구 신길로 275,영등포구 신길로 275,영등포본동,192126.06,446207.767,126.910662,37.515423
17,보라매근린공원,424106㎡ ,1986.5.5,조경시설 : 잔디마당 수경시설(연못 벽천 등) 철쭉동산 무궁화동산 등 운동시설 : 조깅트랙 인조잔디축구장 테니스장 다목적운동장 베드민턴장 인공암벽등반장 게이트볼장 지압보도 헬스시설(평행봉 등 28종) 편익시설 : 주차장 매점 음수대 팔각정 화장실 벤치 유희시설 : 어린이놀이터  피크닉장 바닥분수 에어파크 교양시설 : 청소년수련관 시민안전체험관 동작구민회관 보안시설 : 시설물관리 감시용 CCTV 38대 24시간 녹화가동 중 기타시설 : 관악노인종합복지관 서울시지적장애인복지관 서울시남부장애인복지관 동작경찰서 지구대파견소 ※ 신림 경전철 공사로 인해 농구장 X-game장 인라인스케이트장은 폐쇄 ,은행 느티 버즘 모감주 소나무 병꽃나무 등 105종 334671주,동작구,서울특별시 동작구 여의대방로20길 33(보라매공원),동작구 여의대방로20길 33,신대방제2동,192880.784,443935.417,126.918289,37.492333
18,어린이대공원,560552㎡,1973.5.5 ,교양시설：41개소(야외음악당 등) 조경시설：14개소(분수대 등) 유희시설：45종(놀이동산 등)   편의시설：110개소(식당 등) 동 물 원：105종 621마리 식 물 원：373종 5977 본 ,수목：143종 408천주,광진구,서울특별시 광진구 능동로 216(어린이대공원),광진구 능동로 216,능동,207108.865,449977.62,127.0809212,37.5498987
19,천호근린공원,26696.8㎥ ,1998.6.20 ,기반시설 : 광장 1300㎡ 조경시설 : 연못 1개소 888㎡(음악분수 108) 운동시설 : 배드민턴코트 4면 600㎡(182평) 농구대 4조 족구장 442㎡(134평) 체력단련시설 32조 체력단련시설 상세 : 허리돌리기 4 철봉 3 옆파도타기 3 공중걷기 2 오금펴기 1 레그익스텐션 1 윗몸일으키기 1 로프당기기 2 팔내리기운동 1 벤치프레스 4 체스트웨이트 1 렛풀다운 1 팩덱머신 1 노젓기운동 1 양다리운동 2 상체근육풀기 2 다리운동 1 양회전운동 1 등?허리지압기 1 온몸역도올리기 3 버터플라이 1 교양시설 : 야외무대 1개소 213㎡ 도서관 473㎡ 편의시설 : 벤치(등받이) 64 벤치 40 팔각정자 1개소 평상 17 원형테이블 2 피크닉테이블 27 음수대 2 관리시설 : 공원등 58본 감시카메라 5본 서치라이트 2조 스피커 34개 음악분수제어실 1 ,수 목 : 소나무 잣나무 대추나무 감나무 등 72종 11 876주 초 화 : 꽃창포 구절포 비비추 복수초 맥문동 등 33종 19680본 ,강동구,서울특별시 강동구 올림픽로 702(천호공원),강동구 올림픽로 702,천호제2동,211094.883,449373.595,127.1263451,37.5444741
20,용산가족공원,75900㎡,1992.11.5 ,조경시설 : 잔디광장 연못 4개소(6740㎡) 정자3 원두막2 자연학습장 맨발공원 태극기공원 운동시설 : 철봉 평행봉 역기 윗몸일으키기 등배치기 등 13점 편익시설 : 주차장(50대) 음수대 공중전화 화장실 벤치 자동판매기 교양시설 : 국제조각품 9점 기타시설 : 야외예식장 빗물펌프장 공원가로등(59본 118등),수 목 : 은행 느티 버즘 잣나무 산사 구상나무 등 70종 45000주 동 물 : 호로새 공작 토끼 등 5종 33수 ,용산구,서울특별시 용산구 서빙고로 185,용산구 서빙고로 185,서빙고동,198680.6,446756.9,126.983335,37.522226
21,독립근린공원,113021.7m2,1992.8.15,방문자센터(관리사무소 위치) 순국선열추념탑 서재필선생동상 독립관(순국선열 위패봉안소) 3?1독립선언기념탑 독립문 형무소 역사관 이진아기념도서관 ,,서대문구,서울특별시 서대문구 통일로251(독립공원),서대문구 통일로251,천연동,196318.22,452589.144,126.956771,37.5738289
22,낙산근린공원,201779㎥ ,2002.6.12,기반시설 : 관리도로 2920m 산책로 1010m 주차장 640㎡ 교양시설 : 역사탐방로 935m 비우당 27㎡ 홍덕이밭 50㎡ 건축시설 : 5동(전시및관리실 매점및화장실 비우당 육각정자 노인정) 운동시설 : 배드민턴장 12면 농구장 1면 편익시설 : 파고라 5종 의자 117개 음수대(6) 화장실2 광 장 : 5개소(중앙광장 놀이광장 전망광장 3개소) 기타시설 : 안내판 등 29개 ,수목식재 : 소나무 등 47종 107603주 지피식물 : 구절초 등 11종 43075본 ,종로구,서울특별시 종로구 낙산길 41 (우) 03085,종로구 낙산길 41,이화동,200631.301,453432.556,127.007587,37.580477
23,양재시민의숲,258991㎡   ,1986.11.30,조경시설 : 잔디광장 파고라 그늘시렁 운동시설 : 배구장(족구장 겸용) 농구장 테니스장 등 편익시설 : 매점 야외 바비큐장 음수대 화장실 5개소 등 기        타 : 야외 예식장 윤봉길의사 기념관 윤봉길의사 동상 야외무대 백마부대 충혼탑                      대한항공 858편 위령탑 삼풍백화점 희생자 위령탑 등 ,수 목 : 소나무 느티나무 당단풍 칠엽수 잣나무 등 43종 94800주,서초구,서울특별시 서초구 매헌로 99 (양재동),서초구 매헌로 99,양재제2동,203226.694,441171.435,127.035042,37.471225
24,관악산도시자연공원,10420819.08㎡,1968.1.15,낙성대 연주대 삼막사 관음사 관악산호수,특산식물 : 소사나무 호랑버들 매화말발도리 산앵도 산개나리 병꽃나무 회양목 긴잎회양목 산구절초 할미밀빵 토현삼 등 11종 희귀식물 : 산구절초 박주가리 용담 노루발풀 천연기념물 : 노거수 굴참나무 은행 느티 회나무 ,관악구,서울특별시 관악구 관악로 1(관악산공원),관악구 관악로 1,대학동,196801.464,438408.982,126.96413,37.445208
25,효창근린공원,171294.1㎥,1940.3.12,관리시설 : 관리사무소 공원등 안내판 편의시설 : 매점 공중전화 화장실 음수대 야외탁자 의자 시계탑 조경시설 : 자연학습장 연못 데크로드 운동시설 : 농구장 배드민턴장 게이트볼장 체력단련시설 유희시설 : 어린이놀이터 휴양시설 : 정자 파고라 교양(사적)시설 : 의열사 백범김구선생 묘역 삼의사묘역 임정요인묘역 백범기념관 이봉창의사 동상 반공투사 위령탑 원효대사상,수목 : 소나무 백철쭉 등 70여종 115139주 교목 : 소나무 등 30여종 34192주 관목 : 백철쭉 등 40여종 80947주 초화류 : 맥문동 등 30여종 570463본,용산구,서울특별시 용산구 효창원로 177-18,용산구 효창원로 177-18,효창동,196484.925,449520.541,126.95993,37.545234
26,감로천생태공원(관악산),총 15000㎡,2002.7.15,연못 3개소 목재 데크 황토길 지압로 공원등(12),수 목 : 물철쭉 진달래 생강나무 단풍나무 초 화 : 비비추 벌개미취 노루오줌 연꽃 물옥잠 붕어마름 골풀 개구리밥 갈대 ,금천구,서울특별시 금천구 독산4동 371?375 373일대,금천구 독산 4,독산제4동,191868.836,440976.325,126.9079509,37.469625
27,개운산근린공원,297926㎡,1995.5.3,공원이용지원센터 화장실 산책로(산마루길 목재데크산책로 오솔길 등) 자연학습장 지압보도 축구장 배드민턴장 족구장 정자 등,수 목 : 잣나무 참나무류 팥배나무 산벚나무,성북구,서울특별시 성북구 북악산로 949-73(돈암동 6-1),성북구 북악산로 949,돈암제1동,202301.921,455244.032,127.0252858,37.5965837
28,개웅산근린공원,411972㎡,1971.8.6,배드민턴장 철봉 허리돌리기 역기 등 운동기구,,구로구,서울특별시 구로구 오류동 산13-1,구로구 오류동 산 13-1,오류제2동,186361.511,443134.517,126.8485734,37.4888943
29,경희궁,98470㎡,2002,자정전 흥화문 (서울특별시 유형문화재 제19호) 숭정전,,종로구,서울특별시 종로구 새문안로 55(신문로2가 2-1),종로구 새문안로 55,사직동,197240.742,452357.669,126.9685341,37.570773
30,국립현충원,2038741.3㎡,1955.7.15,현충관 현충탑 충열대 충성분수대 호국분수탑 충혼승천상 휴게소,소나무 느티나무 은행나무 마가목 자작나무 무궁화 좀작살 라일락 산수유 구상나무 계수나무 단풍나무 아까시나무,동작구,서울특별시 동작구 사당2동 산41-2,동작구 사당2동 산 41-2,사당제2동,197554.306,444488.109,126.9736849,37.4998621
31,계남근린공원,603715.2㎡,1971.8.6,장군정(정상) 1동 다목적구장(실내 배드민턴장) 생태연결통로(계남12공원 연결) 조류사육장 1개소 야외무대 약수터 3개소 각종운동시설(게이트볼장 족구장 등) 화장실 2개동 ,소나무 참나무 잣나무,양천구,서울특별시 양천구 신정동 산44-2일대,양천구 신정동 산 44-2,신정제3동,186587.03,445953.762,126.8479643,37.5138358
32,고척근린공원,108120㎡,1988.12,도서관 어린이놀이터 배드민턴장 테니스장 운동장 조깅트랙 구민체육센터 운동기구 농구장,소나무 섬잣나무 계수나무 36종 16462주,구로구,서울특별시 구로구 고척로45길 39(고척공원),구로구 고척로 45길 39,고척제2동,186938.035,445175.775,126.8521495,37.5042944
33,파리근린공원,29619.3㎥,1987.6.30  ,분수(벽천 무지개 분수 곡사분수 바닥분수) 자수화단 야외무대 모형 에펠탑 개선문 등 각종 운동시설(체력단련장) 관리사무소(화장실) 1개동 공원등80개 등 ,,양천구,서울특별시 양천구 목동동로 363 ,양천구 목동동로 363,목제5동,189117.778,448369.561,126.8763932,37.5349739
34,허준공원,29843.8㎡ ,1993.10.31 ,연못(5100㎡) 정자 어린이 놀이 시설 허준 동상 음악분수 ,스트로브 잣나무 소나무 은행나무 느티나무 ,강서구,서울특별시 강서구 허준로5길 42,강서구 허준로5길 42,가양제2동,187079.658,452015.939,126.8526745,37.5679874
35,궁동근린공원,126026㎡ ,1940.3.12,조경시설 : 파고라 3동 편의시설 : 실내체육관 1동 정자 2동 평의자 30조 관리시설 : 종합안내판 1조 초화류안내판 2개 기반시설 : 도로 산책로 등 ,수목 : 왕벚나무 소나무 히말라야시더 배롱나무 대나무 스트로브잣나무 느티나무 대왕참나무 등 초화 : 맥문동 수호초 사사 세덤류 바위솔류,서대문구,서울특별시 서대문구 성산로7길 19-24(궁동공원) ,서대문구 성산로 7길 19-24,연희동,193388.45,452419.784,126.9229851,37.5690506
36,궁산근린공원,135002.7㎡ ,1996.12.19 ,소악루 양천고성지 양천향교 자연학습탐방로 사진촬영전망대 ,아까시나무 리기다소나무 현사시나무 잣나무 때죽나무 층층나무 등   ,강서구,서울특별시 강서구 가양동 산4-7,강서구 가양동 산 4-7,가양제1동,185910.698,452700.726,126.838952,37.5735645
37,까치산근린공원,384026㎡ ,1971.8.6 ,임당 정공 신도비 ,리기다소나무 느티나무 아까시나무 때죽나무 상수리나무 ,동작구,서울특별시 동작구 사당동 산32,동작구 사당동 산32,화곡본동,196769.945,442784.443,126.9640735,37.4845836
38,꿩고개근린공원,180000㎥,1977.7.14 ,게이트볼장 정자 지압로 약수터음수전 ,아까시나무 리기다소나무 상수리나무 등 ,강서구,서울특별시 강서구 방화동 산110,강서구 방화동 산110,방화제3동,183898.231,453383.899,126.8157075,37.5801585
39,노량진공원,416031㎡ ,1993.4.17 ,조깅트랙 다목적운동장 공군충혼탑 장애인운동시설 테니스장 산책로 ,소나무 느티나무 은행나무 상수리나무 아까시나무 계수나무 모과나무 회화나무 ,동작구,서울특별시 동작구 여의대방로 15-45(여의대방로36길 71),동작구 여의대방로 15-45,대방동,193634.425,445290.39,126.928607,37.510234
40,답십리근린공원,160720㎡,1998,휴게소 5개소 그늘시렁 6동 종합체육시설 배드민턴장 문화회관,잣나무 소나무 아까시나무,동대문구,서울특별시 동대문구 답십리로 209(답십리공원) ,동대문구 답십리로 209,답십리제2동,205641.232,452702.957,127.0626512,37.5750896
41,대모산도시자연공원,2277252㎡ ,1989.11.23 ,화장실 1동 약수터 1개소 편익시설 44개 다목적 운동장 1개소 ,소나무 느티나무 은행나무 상수리나무 회화나무주 ,강남구,서울특별시 강남구 광평로10길 30-71(대모산공원) ,강남구 광평로 10길 30-71,일원본동,206597.962,442256.152,127.0809639,37.4796489
42,탑골근린공원,19599.70㎥ ,1971.8.6 ,원각사지10층석탑 팔각정 3.1운동기념탑 손병희선생 동상 한용운선생 기념비 우물 편의시설 ,소나무 느티나무 등 29종 9912주 ,종로구,서울특별시 종로구 종로 99,종로구 종로 99,종로1.2.3.4가동,198967.317,452419.346,126.9882853,37.5710052
43,갈산근린공원,138596㎡ ,1971.8.6 ,갈산정(정상) 1동 교통교육관 및 전시물 교통안전교육 체험장 어린이놀이터 멀티코트장 등 중심광장 전망대 각종 운동시설 ,,양천구,서울특별시 양천구 신정동 162-56,양천구 신정동 162-56,신정제7동,188397.999,445234.771,126.8689146,37.5082119
44,천마근린공원,185295㎥ ,2002.10.30 ,어린이안전공원 축구장 배드민턴장 체력단련장 ,소나무군락(3.6%) 밤나무군락(3.9%) 현사시군락(5%) 아카시아군락(11%) 잣나무조림지(26%) ,송파구,서울특별시 송파구 마천동 산 1-1,송파구 마천동 1,마천제2동,213925.08,444496.729,127.1586644,37.5005173
45,도곡근린공원,254648㎡,1977.7.9,배드민턴장 약수터 화장실 정자 다목적 운동장 ,상수리나무 신갈나무 소나무 오리나무 ,강남구,서울특별시 강남구 도곡동 산31-1,강남구 도곡동 산 31-1,도곡제1동,203985.777,443426.71,127.0450338,37.4903127
46,도산근린공원,29816.5㎡ ,1997.8.6 ,도산묘소 동상 도산기념관 화장실 그늘시렁 운동시설 ,은행나무 배롱나무 노각나무 화살나무 무궁화 ,강남구,서울특별시 강남구 도산대로45길 20(도산공원),강남구 도산대로 45길 20,압구정동,203095.838,447239.077,127.0350296,37.5246752
47,청량공원,762642㎡ ,1940.3.12 ,어른신건강마당 진입광장 휴식광장 입구연못 파고라 조경수원 목교 전망테크 산림종합전시관 야외학습장 도서관 공연장 건강마당 ,소나무 단풍나무 밤나무 국수나무 등 ,성북구,서울특별시 성북구 화랑로18가길 50,성북구 화랑로 18가길 50,월곡제2동,204528.537,456092.99,127.0511145,37.6020055
48,초안산근린공원,664905㎡ ,1971.8.6 ,잔디광장 계류 생태연못 녹지대 음수대 생활체육시설 산책로 등 ,소나무 잣나무 상수리나무 무궁화 화살나무 구절초 백리향 잔디 옥잠화 식생매트 등   ,도봉구,서울특별시 도봉구 창동 산157,도봉구 창동 산157,창제1동,203623.347,461020.286,127.0455446,37.648316
49,동명근린공원,99599.9㎡ ,1989.4.29 ,축구장 족구장 배구장 배드민턴장 농구장 ,,강동구,서울특별시 강동구 고덕2동 229,강동구 고덕 2동 229,고덕제2동,214814.244,451141.586,127.1676703,37.5598341
50,마로니에공원,5802㎡ ,1982.4.29 ,야외무대 분수대 조합놀이대 ,은행나무배롱나무노각나무화살나무무궁화 ,종로구,서울특별시 종로구 대학로8길 1,종로구 대학로 8길 1,이화동,200216.931,453456.81,127.0027886,37.5802295
51,자매근린공원,총 16500㎥ ,1977.5.1 ,앙카라하우스 조형물 파고라4개소 배드민턴장 게이트볼장 화장실 관리실 ,소나무 외 51종 5147주 ,영등포구,서울특별시 영등포구 의사당대로 166 (우) 07324,영등포구 의사당대로 166,여의동,193868.629,446473.984,126.9302895,37.5177329
52,장지근린공원,585652㎥ ,2003.6.4 ,휴게광장 체력단련장 배드민턴장 ,,송파구,서울특별시 송파구 장지동 산 11번지,송파구 장지동 11,장지동,211450.664,442556.954,127.1387,37.4957083
53,명일근린공원,649709.6㎡ ,1971.8.6 ,생태연못 초가정자 바닥분수 계류 벽천 어린이놀이터 돌무더기 ,느티나무 버드나무 산수유 왕벚나무 자작나무 자산홍 꽃창포 부처꽃 속새 쑥부쟁이 옥잠화  ,강동구,서울특별시 강동구 상일동 135,강동구 상일동 135,상일1동,214163.875,450353.875,127.1613641,37.5537143
54,방화근린공원,72132㎡,1996.12.10,다목적운동장 체육시설 원형광장 연못 분수대 어린이놀이터 산책로 파고라 휴게소 ,벚나무 은행나무 참나무류   ,강서구,서울특별시 강서구 금낭화로 176(방화공원),강서구 금낭화로 176,방화제3동,183530.797,453596.414,126.8132285,37.5819812
55,아시아근린공원,66027.8㎡,1986.4.30,송파문화예술회관 야외공연장 부리도 기념비 시와 그림의 광장,,송파구,서울특별시 송파구 올림픽로 44 (잠실동),송파구 올림픽로 44,잠실제7동,206765.916,445654.014,127.0762885,37.5102779
56,배봉산근린공원,265582㎡,1992,야외무대관리사무실 어린이놀이터 약수터 산책로 체육시설 자연학습장 ,,동대문구,서울특별시 동대문구 한천로43길 12-14(배봉산공원) ,동대문구 한천로 43길 12-14,전농제2동,205798.8,453616.894,127.0641623,37.5812324
57,안산도시자연공원,2088704.9㎡,1977.7.9,조경시설 : 팔각정자 야외탁자 조합놀이대 등 편의시설 : 화장실 약수터 등 관리시설 : 관리사무소 공원등 안내판 등 기반시설 : 만남의광장 산책로 등 연희숲속쉼터 : 10000㎡(연희동 산2-5 서대문청소년수련관 주변) 잔디마당 숲속쉼터허브원 습지 계류시설 홍제천 수변마당 안산자락길 : 1.69KM(옛 시민아파트 철거부지 ~ 한성과학고 뒤) 장애물이 없는 데크로드 ,수 목 : 자작 산벚 물푸레 잣나무 소나무 팥배 상수리 오리나무 아까시나무 초 화 : 구절초 기린초 노루오줌 꽃무릇 등,서대문구,서울특별시 서대문구 홍제동 산33-98,서대문구 홍제동 산 33-98,홍제제1동,194575.097,453339.773,126.9390273,37.5798246
58,염창근린공원,112070㎡,1977.7.9,골프연습장 스포츠센타,수 목 : 아까시나무 신갈나무 상수리나무 등,강서구,서울특별시 강서구 염창동 산24-1,강서구 염창동 산 24-1,염창동,188333.589,451001.141,126.8689817,37.5579702
59,백련근린공원,993724㎡,1966. 2. 5,조경시설 : 정자 파고라 조합놀이대 등  편의시설 : 청소년수련관 문화체육회관 화장실 음수대 등  관리시설 : 종합안내판 관리사무소 등  기반시설 : 도로 산책로 등   백련근린공원(논골지구) : 19500㎡(홍은2동 산11-216 서강아파트 뒤) 팔각정 초정 운동시설 계류 생태연못 허브원 장미원 실용원 약용원 등 ,수 목 : 소나무느티나무산벚나무상수리나무 등 초 화 : 맥문동 수호초 등  ,서대문구,서울특별시 서대문구 통일로 507-22(백련공원) ,서대문구 통일로  507-22,홍은제2동,193717.226,454793.495,126.928616,37.5879662
60,오금근린공원,219167㎡ 곰두리체육센터 : 7370㎡(지하2층 지상3층) 송파도서관 : 8259㎡(지하1층 지상4층) ,1990.10.30,곰두리체육센터 송파도서관 테니스장 배드민턴장 게이트볼장 자연학습관찰로 삼림욕장 ,,송파구,서울특별시 송파구 오금로 363 오금근린공원 ,송파구 오금로 363,오금동,211638.552,444566.65,127.1323957,37.5038715
61,오동근린공원,1349556.4㎡ ,1987.4.27,배드민턴장 운동장 체력단련시설,,강북구,서울특별시 강북구 번동 산20-1,강북구 번동 산 20-1,번제2동,202722.755,459142.96,127.0317269,37.6327957
62,봉산도시자연공원,1511198㎡,1977.7.14 ,산책로9㎞ 전시관 1동 운동시설,,은평구,서울특별시 은평구 구산동 산61,은평구 구산동 산61,역촌동,192210.059,456538.055,126.9020153,37.604071
63,온수도시자연공원,1097565㎡,1971.8.6,배드민턴장 체력단련장 철봉 허리돌리기 등 운동기구,,구로구,서울특별시 구로구 개봉동 산2-60,구로구 개봉동 산 2-60,개봉제1동,185881.953,444742.911,126.83695,37.5002598
64,봉은공원,328018㎡,1971.8.6,奉恩寺 도심 한가운데 있는 奉恩寺는 그 외형적 규모뿐 아니라 역사적으로 서울의 대표적인 사찰로 알려져 있다. 일제시대에는 서울과 경기 일원의 80여 사찰을 관장하던 본사였고 조선시대에는 억불정책에도 불구하고 선종의 수사찰(首寺刹)로 한국불교의 명맥을 유지하는데 결정적 공헌을 해온 곳이다. 선불당(選佛堂) 봉은사 대웅전 한단 아래 왼쪽에 자리잡고 있는 선불당은 대중을 위한 禪房으로1941년 심검당이 있던 자리에 중건된 것이다. 선불당은 계율을 일러주는 곳 혹은 선법.교법을 닦는 곳이다. 秋史 金正喜의 '板殿' 현판 (서울시 유형문화재 제76호: 1991년 5월28일 지정) 봉은사에 있는 화엄경소를 비롯한 15종 3438매의 많은 목판본을 보관하기 위하여 세워진 전각인 판전의 정면 어칸의 처마에 걸려 있는 편액이다. 이 편액은 추사 김정희(1786~1856?)의 말년 작품으로 왼쪽에 세로로 '칠십일과병중작(칠십일과병중작)'이라 쓰여진 바와 같이 그가 71세때 병중에 쓴 글씨로 유명하다. 대방광불화엄경(大方廣佛華嚴經) 수소연의 초판 (서울시 유형문화재 제84호: 1992년 12월28일 지정) 봉은사 판전에 보관되어 있는 총 15종 3438판의 목판본 중 3133판이 바로 대방광불화엄경이다. 대승불교의 대표적 경전이라 할 수 있는 이 화엄경판은 처음 중국 당나라의 실차난타와 징관이 각각 번역하고 찬한 것으로 흔히 '화엄경'으로 줄여 부른다. 주된 내용은 부처님이 성도한 깨달음의 내용을 그대로 나타내고 있는 경전으로 여러 대승불교의 경전 가운데서도 교학적.사상적으로 불교의 핵심을 가장 깊게 담고 있다는 평가를 받고 있다. ,,강남구,서울특별시 강남구 삼성동 75,강남구 삼성동 75,삼성제1동,205055.257,446107.569,127.0554961,37.5139026
65,올림픽공원,총 1447122㎡,1988,몽촌토성 음악분수 올림픽회관 지구촌공원 피크닉장 88마당 체육관,,송파구,서울특별시 송파구 올림픽로 424 (방이동),송파구 올림픽로 424,오륜동,210704.492,446848.357,127.122959,37.520934
66,와룡근린공원,207790㎡ ,1984.4.1,말바위 테니스장 노천탕,,종로구,서울특별시 종로구 와룡공원길 192 (우) 03063,종로구 와룡공원길 192,혜화동,199375.724,454648.216,126.9901672,37.5907944
67,봉화산근린공원,1018689㎡,1977.7.9,봉수대 등,소나무잦나무아까시산철쭉개나리벚나무,중랑구,서울특별시 중랑구 묵동 산46-1,중랑구 묵동 산46-1,묵제1동,207704.38,456624.859,127.0923625,37.6106404
68,북악산도시자연공원,954553㎡,1963.12.21,현재 북악은 청와대가 있어 일반인의 등산이 금지되어 있으나 1967년까지는 청와대 뒤의 북악 일대도 가벼운 등산길이었다. 그러나 1968년 1월 21일 북한 무장공비들이 이곳까지 침투해 온 사건이 발생하여 수도권 경비강화를 목적으로 북악스카이웨이를 만들고 등산길은 폐쇄하였다.   숙정문과 창의문 사이에는 성곽옆에 1.21사태 소나무가 생육중이다.   북악산도시자연공원에는 서울성곽 18.627km의 탐방코스중 4대문 중 북대문인 숙정문에서  4소문중 북소문인 창의문 구간 약 2km의 코스가 있다.   창의문 외곽에는 북악산도시자연공원은 아니지만 자연경관보호지역으로 백사실계곡이 인접하여 있다. ,수 목 : 소나무단풍나무느티나무팥배나무 외 30여종,종로구,서울특별시 종로구 부암동 산2-6,부암동 산 2-6,부암동,197674.654,454875.702,126.9737295,37.5929992
69,북한산국립공원,1667848㎡,1983.4.2,,수 목 : 소나무단풍나무  초 화 : 장미 ,강북구,서울특별시 종로구 은평구 서대문구 성북구 강북구 도봉구 일대 경기도 의정부 양주군 고양시 일대,강북구 은평구 서대문구,진관동,197794.632,459148.384,127.000938,37.624549
70,외국인묘지공원,13224㎡,1965.5.6,묘지 517기 휴게시설 편의시설 녹지대,은행나무 등 20여종의 교목 및 관목 3109주,마포구,서울특별시 마포구 양화진길 46(외국인묘지공원),마포구 양화진길 46,합정동,192167.931,449671.831,126.911414,37.546797
71,불광근린공원,130345㎡,1977.7.14 ,도서관 산책로 실외배드민턴장 등,,은평구,서울특별시 은평구 불광동 산33-1,은평구 불광동 산33-1,불광제1동,193822.483,457501.131,126.9298962,37.6188016
72,불암산도시자연공원,5332422㎡,1977.7.9,등산로 및 휴게시설,소나무 상수리나무 서나무 오리나무 팥배나무 등,노원구,서울특별시 노원구 한글비석로12길 51-33(불암산공원) ,노원구 한글비석로 12길 51-33,중계제4동,208214.172,462688.18,127.0952714,37.6636719
73,용마폭포공원,5107964㎡,1958.2.15,광장 4개소 노인정 수영장 용마폭포공원 ,,중랑구,서울특별시 중랑구 면목동 산1-4 ,중랑구 면목동 산 1-4,면목제4동,207876.919,452652.907,127.0905888,37.5731968
74,사육신공원,47832㎡,1978.5.19,사육신묘 의절사 불이문 홍살문 비각 산책로,소나무 느티나무 향나무 팥배나무 무궁화 주목 구상나무,동작구,서울특별시 동작구 노량진로 191,동작구 노량진로 191,노량진제1동,195483.866,446027.256,126.948636,37.5137049
75,용왕산근린공원,213552㎡,1971.8.6,용왕정 1동(정도600년 기념 건립) 잔디광장 6000㎡ 조깅코스 400m 건강지압로90m 배드민턴장3개소 게이트볼장1개소 어린이 놀이터1개소 약수터2개소 각종 운동시설(체력단련장) 화장실 3개동 공원등 63개 기타시설 등 ,,양천구,서울특별시 양천구 목동 199-51,양천구 목동 199-51,목제2동,189177.756,449262.403,126.8783125,37.5429593
76,사직근린공원,168099.87㎡,1940.3.12,사직단 단군성전 황학정 어린이도서관 종로시립도서관 수영장,수 목 : 소나무 외 42종 11350주,종로구,서울특별시 종로구 사직로9길 5,종로구 사직로 9길 5,사직동,197219.855,452943.808,126.9674018,37.5759864
77,우장산근린공원,359435.2㎡,1988.12.30,강서구민회관 서울정보기능대학 운동장(인조잔디구장조깅트랙) 테니스장 트림코스장 조각의 거리 야외무대 국궁장 등,상수리나무 아까시나무 잣나무 소나무 쪽동백나무 등,강서구,서울특별시 강서구 내발산동 산4-5,강서구 내발산동 산4-5,우장산동,186055.82,450217.146,126.844932,37.5541932
78,삼일근린공원,36660㎡,1990.12.21,삼일공원비 삼일공원 산책길 삼일공원 놀이터,소나무 잣나무 은행나무 느티나무 단풍나무 버즘나무 감나무 목련 산수유 등,동작구,서울특별시 동작구 사당동 산24-17,동작구 사당동 산24-17,사당제3동,197729.062,442960.391,126.9743686,37.4860183
79,삼청근린공원,380735㎡ ,1940.3.12,삼청동문(암각) 배드민턴장 테니스장 어린이 놀이터 다목적 공터 및 매점 등 ,수 목 : 소나무 외 15종 200000주,종로구,서울특별시 종로구 북촌로 134-1 (우) 03050,종로구 북촌로 134-1,삼청동,198430.819,454679.963,126.9842875,37.5895821
80,인왕산도시자연공원,1807420.9㎡,1940.3.12,인왕사 선바위 국사당 인왕천 만수천 석굴암약수터,,종로구,서울특별시 종로구 옥인동 산 3-1 ,종로구 옥인동 3,청운효자동,196822.477,453849.5,126.9578438,37.5849001
81,상도근린공원,359342.8㎡,1940. 03. 12,배드민턴장 생활체육시설 약수터 산책로,리기다소나무 느티나무 아까시나무 때죽나무 상수리나무,동작구,서울특별시 동작구 성대로6사길 27-6(상도공원) ,동자구 성대로 6사길 27-6,상도제1동,194702.393,443757.499,126.9385469,37.492299
82,일자산도시자연공원,632733㎡,2008.3.22,실내배드민턴장 실내체육관 산책로 X-게임장 잔디광장 인공폭포,키큰나무 1408본 작은나무 26406본 초화류 35290종 잔디 17300㎡,강동구,서울특별시 강동구 동남로 660(일자산공원),강동구 동남로 660,둔촌제2동,214150.546,448674.699,127.1574587,37.5431657
83,쌍문근린공원,328018㎡,1971.8.6,산책등산로 정자 약수터 화장실 테니스장 배구장 배드민턴장 문화센터 등,아카시아 팥배나무 스트로브잣나무 느티나무 홍단풍 산철쭉 영산홍 상록교목 낙엽교목 상록관목 낙엽관목 등,도봉구,서울특별시 도봉구 쌍문동 산80,도봉구 쌍문동 산80,쌍문제4동,202427.91,461529.336,127.0271316,37.6531456
84,수락산도시자연공원,6691885.3㎡,1977.7.9,등산로 및 휴게시설,소나무 상수리나무 모기나무 팥배나무,노원구,서울특별시 노원구 상계동 산3-1,노원구 상계동 산3-1,상계제1동,206783.262,464439.897,127.0813633,37.699232
85,송파나루근린공원(석촌호수),285757㎡,1981.11.26,휴게소 서울놀이마당 매직아일랜드 석촌호수,,송파구,서울특별시 송파구 잠실로 148 (잠실동) ,송파구 잠실로 148,잠실제3동,208879.033,445489.931,127.0983002,37.5069328
86,선유도근린공원,110407㎡,2003.4.26 ,녹색기둥의 정원 시간의 정원 수질정화원 수생식물원 선유정 네개의 원형공간 카페테리아나루 선유교 전망데크,,영등포구,서울특별시 영등포구 선유로 343 (당산동 1) 선유도공원관리사무소,영등포구 선유로 343,당산제2동,191237.537,449355.317,126.90014,37.543418
87,손기정체육공원,29682.2㎡,1987.9.18,청소년독서실 마을문고 테니스장 게이트볼장 어린이놀이터,수 목 : 월계수,중구,서울특별시 중구 손기정로 101 ,중구 손기정로 101,중림동,196883.067,450696.94,126.9652702,37.5560189
88,성북근린공원,137759㎡,1990.8.25,생태연못 전망대 휴게광장 나무집 야외학습장 바닥분수 등,소나무 팥배나무 밤나무 국수나무 등,성북구,서울특별시 성북구 돈암동 616-1055,성북구 돈암동 616,돈암제2동,200606.113,455184.289,127.0078625,37.5948509
89,봉제산공원,917190㎡,1977.7.9,법성사 용문사 약수터 배드민턴장,아까시나무 리기다소나무 상수리나무 신갈나무 등,강서구,서울특별시 강서구 화곡동 산41-6,강서구 화곡동 산 41-6,화곡본동,187196.604,449298.032,126.8517836,37.5421979
90,서울창포원,51470㎡,2009.6.7,붓꽃원 약용식물원 수변식물원초화원. 방문자센터 등,수 목 : 낙우송 느티나무 스트로브잣나무 소나무 등 39종 2726주 관 목 : 갯버들 골담초 조팝나무 사철나무 화살나무 등 18종 57035주 초 화 : 달뿌리풀 맥문동 터리풀 구절초 물억새 .꽃나리등 46종 438512본 붓 꽃 : 꽃창포 노랑꽃창포 부채붓꽃 타래붓꽃 범부채 등 130종 218453본,도봉구,서울특별시 도봉구 마들로 916(서울창포원) ,도봉구 마들로 916,도봉제2동,204168.804,465548.074,127.047938,37.689585
91,북서울꿈의숲,662543㎡,2009.10.17,조경시설 : 청운답원 월영지 월광폭포 단풍숲 초화원 사슴동산 칠폭지 볼플라자 산책로 쉼터 데크 계류 옥상녹화 등 건축시설 : 방문자센터(서울디자인갤러리) 전망대 공연장(2) 미술관 창녕위궁재서 주차장(402대) 레스토랑(2) 카페(2) 기타시설 : 태양광발전시설 경사형엘리베이터(2) Open스튜디오 ,수 목 : 소나무 등 89종 207652주 초 화 : 국화 등 94종 202300본 잔 디 : 55664㎡,강북구,서울특별시 강북구 월계로 173,강북구 월계로 173,번제3동,203906.355,457859.796,127.0407344,37.6233355
92,서서울호수공원,217946㎡,2009.10.26,소리분수(노즐41개) 미디어벽천 실개천 건천(계류시설) 백인의 식탁 음수전 등 체육시설 : 축구장 (3010㎡)ㆍ농구장 1면(240㎡)ㆍ배드민턴장 4면(1050㎡) 철봉 등 12 종(53개) ,수 목 : 소나무 등 47종 1685주 관 목 : 눈주목 등 44종 13816주 초 화 : 원추리 수호초 맥문동 등 3종 5710본 잔디(23378㎡) : 금잔디 : 22961㎡ 및 양잔디(벤트크라스) 417㎡,양천구,서울특별시 양천구 남부순환로64길 20 (신월동),양천구 남부순환로 64길 20,신월제3동,185015.996,447561.645,126.8304789,37.5278392
93,중랑캠핑숲,179666㎥,2010.11.20 ,조경시설  수경시설 : 2900㎡(분수연못 1120 테라스연못 440 계류 720 건천 620) 잔디광장 : 5000㎡(청소년문화존/Wi-Fi) 산 책 로 : 1767㎡(산책로 797 등산로 970) 조경수목 : 82473주(교목 2411 관목 80062) 기타녹지 : 90480㎡(지피식물 6000 잔디 14480 녹지 70000 초화 164000본)       휴양시설  캠 핑 장 : 47면(37200㎡/관리사무소 1동 화장실 1동 식기세척장 1동 운동시설 등)       교양시설  청소년독서실 : 936㎡(2층) 청소년커뮤니티센터 : 390㎡(3층) 생태학습존 청소년문화존 일부 : 24400㎡   관리시설 관리사무소 : 576㎡(공원 196 캠핑장 380/ 스파 화장실 매점 등) 주 차 장 : 68면(청소년문화존 58 가족캠프존 10) 공 원 등 : 136주 (공원등 90 보안등 46) ,,중랑구,서울특별시 중랑구 송림길 160(중랑캠핑숲)/중랑구 망우동 74(청소년체험의숲),중랑구 송림길 160,망우본동,209617.529,456301.471,127.1093075,37.6049896
94,솔밭근린공원,34955㎡,2004.1.28,조경시설 : 실개울 벽천 분수 생태연못 그늘시렁 등 편의시설 : 화장실 음수대 등 관리시설 : 관리사무소 공원등 안내표지판 등 기반시설 : 놀이마당 배드민턴장 어린이놀이터 산책로 데크광장 ,수 목 : 소나무 진달래 초 화 : 감국 관중 금낭화 꽃무릇 꽃창포 비비추 원추리 노루오줌 둥글레 매미꽃 맥문동 바위취 벌개미취 범부채 복수초 붓꽃 비비추 패랭이 송악 옥잠화 은방울꽃 하늘매발톱 등 30종 ,강북구,서울특별시 강북구 우이동 80번지 일대,강북구 우이동 80,우이동,201038.122,461453.329,127.0116241,37.652331
95,금천체육공원(관악산),18083㎡,2001.6.1,야외무대 농구장 배드민턴장 그날막 조합놀이대 연못 장승 목재데크 황토길 지압로 분수,,금천구,서울특별시 금천구 독산동 산118-4(금천체육공원),금천구 독산동 산 118-4,독산제4동,191893.277,440957.771,126.908681,37.468164
96,금천폭포근린공원,4835㎡,2008.10.20,문화회관 2020㎡ 인공폭포(L30 x H12m) 공원시설 전망대 등,수 목 : 장송 왕벚나무 단풍나무 산수유 배롱나무 황매화 남천 등 초 화 : 비비추 벌개미취 노루오줌 맥문동 옥잠화 돌단풍 금낭화 등,금천구,서울특별시 금천구 시흥대로38길 61(시흥동 937-2),금천구 시흥대로 38,시흥제3동,191527.957,438576.169,126.9040127,37.4468663
97,만수천공원(관악산),19650 ㎡,2008.9.12,체육시설 : 생활체육시설 독산테니스장(8면) 배드민턴장(2개소) 다목적 광장 편익시설 : 정자(3동) 화장실(2개소) 만수천 약수터,수 목 : 산벚나무 산사나무 복자기 산딸나무 팥배나무 생강나무 등 초 화 : 비비추 벌개미취 노루오줌 쑥부쟁이 옥잠화 돌단풍. 맥문동 감국 등 ,금천구,서울특별시 금천구 독산동 산8 일대,금천구 독산동 8,독산제3동,192002.97,441678.841,126.9090028,37.4734274
98,발바닥공원,7000㎡,2002,기반시설 : 산책로 조경시설 : 관상용식수대 그늘시렁 연못 휴양시설 : 정자 운동시설 : 체력단련시설 편익시설 : 화장실 지압보도 관리시설 : 도봉환경교실,수 목 : 소나무 측백나무 조팝나무 덜꿩나무 감국 등 초 화 : 야생 초화류 31종 꽃창포 검정말 수련애기부들 비비추 돌단풍 등 습지식물 비비추 벌개미취 노루오줌 쑥부쟁이 옥잠화 돌단풍. 맥문동 감국 등 ,도봉구,서울특별시 도봉구 시루봉로6길 33,도봉구 시루봉로 6길 33,쌍문제4동,202607.063,462217.976,127.031982,37.6597135
99,월천근린공원,10712㎡,1988,기반시설 : 산책로 조경시설 : 관상용식수대 그늘시렁 연못 휴양시설 : 정자 장의자 운동시설 : 배드민턴장 체력단련시설 유희시설 : 그네 미끄럼틀 시솔 조합놀이대 등 편익시설 : 화장실 음수대 관리시설 : 공원등 안내판,수 목 : 메타세콰이어 측백나무 조팝나무 덜꿩나무 꽃창포 비비추 돌단풍 등,도봉구,서울특별시 도봉구 창동 28번지,도봉구 창동 28번지,창제4동,204487.705,204487.705,127.0509895,37.6473889
100,용두근린공원,17182㎡,2010.3.25,조경시설 : 연못 계류 분수 그늘시렁 편의시설 : 음수대 휴게소 야외전시장 야외전시벽 놀이터 관리시설 : 공원안내판 관리동 기반시설 : 도로 진입광장 휴게광장 ,수 목 : 소나무 상수리 졸참 신갈 팥배 생강 산벚 찔레 국수 병꽃 산초 진달래 초 화 : 구절초 맥문동 비비추 송악 수호초 원추리 등 수생식물 : 수련 어리연꽃 물옥잠 창포 애기부들 줄 ,동대문구,서울특별시 동대문구 용두동 34-1번지 일대,동대문구 용두동 34,용신동,203459.991,452629.847,127.0390042,37.5732791
101,상암근린공원,160349.3㎡,2006.1.1,조경시설 : 생태연못 생태습지 암석원 그늘시렁 정자 등 편의시설 : 화장실 연식의자 등 관리시설 : 종합안내판 공원등 관리사무소 모유수유실 유모차대여소 등 기반시설 : 운동기구(어깨손목돌리기 등 7종 10조) ,수 목 : 느티나무 서어나무 은행나무 중국단풍 청단풍 측백나무 쥐똥나무 조팝나무 등 초 화 : 수생식물(노랑어리연 수련 노랑꽃창포 생이가래 부래옥잠 등),마포구,서울특별시 마포구 상암동 1761,마포구 상암동 1761,상암동,189914.616,453044.909,126.8859012,37.5760106
102,와우근린공원,87432.4㎡,1940.3.12,배드민턴장 약수터 농구장 조깅트랙 체력단련장 지압보도 광장,,마포구,서울특별시 마포구 창전동 3-193번지 일대(홍익대 뒷산),마포구 창전동 3,서강동,193826.626,450327.299,126.9289936,37.5517298
103,금호근린공원,13467㎡   ,1976.5.3 ,체육관 경로당 청소년 문화회관 어린이집 그늘시렁 음수대 평의자 등의자 운동시설물 공원등 종합안내간판 등 ,수 목 : 소나무 서양측백 선주목 때죽나무 이팝나무 청단풍 왕벗나무 눈주목 사철나무 등 초 화 : 구절초 꽃범의 꼬리 노랑꽃창포 벌개미취 비비추 수호초 옥잠화 원추리 등,성동구,서울특별시 성동구 장터1길 18,성동구 장터1길 18,금호2.3가동,201676.873,449998.94,127.0189457,37.5494726
104,달맞이근린공원,46871㎡,2007.12.2,경로당 어린이놀이터 배드민턴장 화장실 음수대 공원등,수 목 : 아카시아 개나리 스트로브잣나무 느티나무 은행나무 단풍나무 무궁화 영산홍 자산홍 회양목 등 초 화 : 줄사철 맥문동 비비추 등,성동구,서울특별시 성동구 옥수동 산1-1,성동구 옥수동 산 1-1,옥수동,201846.361,449360.929,127.0212054,37.543564
105,문정근린공원,49972㎡,2006.3,조경시설 : 바닥분수 초가정자 사각정자 휴게벤치 등 기반시설 : 경화토포장로 마사토산책로 등 ,수 목 : 소나무 메타세콰이아 은행나무 등 38종 30966주,송파구,서울특별시 송파구 문정동 18-4,송파구 문정동 18-4,장지동,211543.221,443164.673,127.1275819,37.4862156
106,문화예술공원,74385㎡,1994.10.25,놀이마당 중앙광장 잔디광장 야외무대 원두막 1동 조각작품 12개소 모래놀이터 등 ,,서초구,서울특별시 서초구 바우뫼로12길 40 (양재동),서초구 바우뫼로 12길 40,양재제2동,202696.912,440809.136,127.030517,37.467654
107,세종로공원,8868㎡ ,2010.11.12,휴게?편익공간 : 야외무대 382㎡ 매점 18㎡ 디자인파라솔 2개소 야외테이블 14개 등 상징광장 : 조선시대 사헌부 및 병조터 흔적복원 490㎡ 한글글자마당 : 168㎡(전국민 공모 11172자로 구성) ,목 본 : 느티나무 은행나무 소나무 배롱나무 등8종 9553주 초 본 : 감국 구절초 등 38종 4700본,종로구,서울특별시 종로구 세종대로 189 (우) 03172,종로구 세종대로 189,사직동,197874.256,452668.898,126.9758875,37.5735
108,샘말공원(관악산),10634㎡ ,2009.9.29,조경시설 : 바닥분수 음수전 육각정자 파고라 유희시설 : 조합놀이대 1조 놀이시설 2종 3점 운동시설 : 허리돌리기 팔올리기운동 옆회전운동 등 11점 지압보도 편의시설 : 화장실 관리시설 : 관리사무실 공원등 27본 ,키큰나무 : 배롱나무 이팝나무 왕벚나무 등 9종 94주 키작은 나무 : 회양목 개쉬땅나무 박태기나무 등 11종 9425주,관악구,서울특별시 관악구 대학동 산63-1일대 샘말공원,관악구 대학동 63,대학동,194554.259,440529.444,126.938511,37.4642128
109,초안산생태공원,22113㎡,2012.4.6,조경시설 : 잔디광장 계류 생태연못 녹지대 편의시설 : 음수대 유희시설 : 조합놀이대 시소 그네 운동시설 : 생활체육시설 관리시설 : CCTV 공원등 공원안내판 유희시설 : 산책로 중앙진입로 ,수 목 : 소나무 잣나무 상수리나무 등 큰나무 23종 560주 무궁화 화살나무 등 10종 21595주 초 화 : 구절초 백리향 등 7종 4910본 잔디 14587㎡ 옥잠화 식생매트 등 8종 1173㎡ 키큰나무 : 소나무 잣나무 갈참나무 계수나무 느티나무 때죽나무 마가목 메타세쿼이아 모감 주나무 물푸레나무 산벚나무 산수유 상수리나무 수양버들 이팝나무 자작나무 청단풍 팥배나무 홍단풍 회화나무 스트로브잣나무 배롱나무 매화나무 키작은 나무 : 눈주목 사철나무 회양목 매자나무 무궁화 산수국 산철쭉 영산홍 조팝나무 화살나무 초화류 : 구절초 백리향 수호초 큰고랭이 노랑꽃창포 털부처 상록패랭이 식생매트 : 맥문동식생매트 벌개미취식생매트 옥잠화식생매트 원추리식생매트 금계국식생매트 바늘꽃(분홍색)식생매트 바늘꽃(흰색)식생매트 혼합1(수크령혼합)식생매트 잔디 : 0.4×0.6 0.18×0.18 ,도봉구,서울특별시 도봉구 창동 산24,도봉구 창동 산24,창제1동,203623.347,461020.286,127.0405382,37.6479483
110,푸른수목원,,,,,구로구,서울특별시 구로구 연동로 240(항동81-1) 푸른수목원관리사무소,구로구 연동로 240,항동,184391.452,442585.279,126.82407,37.483029
112,청계산도시자연공원,3692455㎡   ,1971.8 6,정자 4동 파고라 약수터 화장실 등,,서초구,서울특별시 서초구 원지동 산 33,서초구 원지동 33,양재제2동,204784.3515,438131.8878,127.0424726,37.4224347
113,개화근린공원,386500㎡,1997.7.9,약사사 약사사 3층석탑 미타사 약수터 6?25전사자위령탑 운동시설 등,아까시나무 리기다소나무 상수리나무 신갈나무 산벚나무 등,강서구,서울특별시 강서구 개화동 산17,강서구 개화동 산17,방화제2동,182939.2547,453560.1285,126.8068278,37.5813917
114,아차산생태공원,23450㎡,2002.3,남의광장 생태자료실 자생식물원 나비공원 습지원 황톳길 지압보도 및 약수터,,광진구,서울특별시 광진구 광장동 370,광진구 광장동 370,광장동,208869.3493,450460.3592,127.1010031,37.5517142
115,인능산도시자연공원,2400833㎡,,,,서초구,서울특별시 서초구 내곡동 산12-404,서초구 내곡동 산 12-404,내곡동,205898.0861,438764.8767,127.0666632,37.4482109
116,구룡산,2752421㎡,,,,서초구,서울특별시 서초구 염곡동 산25-1,염곡동 산 25-1,내곡동,204754,440798,127.061567,37.4689473
117,우면산도시자연공원,4180551㎡,1971.8.6,약수터 정자 화장실 등,,서초구,서울특별시 서초구 우면동 산35-1,서초구 우면동 산 35-1,양재제1동,200745.6,441329.6,127.0091324,37.470484
118,향림근린공원,147859㎡,,산책로 구민체육센터 다목적체육관 축구장 등,,은평구,서울특별시 은평구 진관동 산55,은평구 진관동 산55,진관동,193339.2,458878.4,126.9240693,37.6293824
119,신사근린공원,111650㎡,,산책로 자연학습장 놀이터 등,,은평구,서울특별시 은평구 신사동 산80-4,은평구 신사동 산 80-4,신사제2동,192065.2,454756.8,126.9102948,37.5920771
120,문화역 서울284,,,,,중구,서울특별시 중구 통일로 1 서울역,중구 통일로 1,회현동,197240.8524,450833.9113,126.9715923,37.5558722
121,광평근린공원,519782㎡ ,1971.8.6 ,사당 재실 종회당 ,신갈나무 상수리나무 아까시나무현사시나무 등,강남구,서울특별시 강남구 수서동 산10-1,강남구 수서동 산10-1,수서동,,,127.092184,37.4880445
122,청담근린공원,59347㎡ ,1990.4.30 ,청소년회관 시비광장 실개천 배드민턴장 농구장 약수터 운동광장 등 ,신갈나무 상수리나무 아까시나무 산벚나무 때죽나무 팥배나무 밤나무 쪽동백나무 등,강남구,서울특별시 강남구 청담동 66,강남구 청담동 66,청담동,,,127.052453,37.5213259
123,허브천문공원,25500㎡ ,2006.9.21 ,유리온실 관천대 전망데크 휴게데크 그늘막 별자리조명 등 ,허브 및 숙근 초화류 등 총 181종,강동구,서울특별시 강동구 둔촌동 산94,강동구 둔촌동 산94,둔촌제2동,,,127.1533951,37.5372715
124,연신내물빛공원,2560㎡ ,2001.10.31 ,일출분수 파발벽천 수로 등  ,교목 13800본 관목 205000본 초화류32종 342800본 잔디 77515㎡,은평구,서울특별시 은평구 통일로 849,은평구 통일로 849,불광제2동,,,126.9207354,37.619052
125,나들이근린공원,32000㎡ ,2007.7.18 ,잔디마당 맨발광장 뜀동산 피크닉장 야생초화원 농촌체험장 ,소나무 느티나무 왕벚나무 등 43종 20700주 ,중랑구,서울특별시 중구 망우동 산 30-7 일대,중랑구 망우동 30,망우본동,,,127.113261,37.6054218
126,숭인근린공원,45615㎡ ,1940.3.12 ,,,종로구,서울특별시 종로구 숭인동 58,종로구 숭인동 58,숭인제1동,,,127.0178267,37.5764419
127,서일대뒷산공원,631021㎡ ,1992.8.15 ,순국선열 추념탑 348㎡ 높이 22.3m ,소나무 느티나무 외 66종 109770주,중랑구,서울특별시 중랑구 면목동 산19,중랑구 면목동 산19,면목제3.8동,,,127.0987817,37.5877155
128,용마도시자연공원(사가정공원),109635㎡ ,2005.4.13 ,피크닉장 놀이터 체력단련장 체육관  ,,중랑구,서울특별시 중랑구 면목7동 산50 ,중랑구 면목7동 산50,면목제7동,,,127.095997,37.5797622
129,문화비축기지,140022㎡,2017.9.1,6개의탱크와 문화마당 녹지,,마포구,서울특별시 마포구 증산로 87,마포구 증산로 87,성산제2동,114264.4604,3712093.405,126.8932455,37.57171848
130,경춘선숲길,211392㎡,,조경시설 : 텃밭 잔디광장 철길 산책로 등 건축시설 : 무궁화호 객차(방문자센터) 기타시설 : 경춘철교 ,,노원구,서울특별시 노원구 공릉2동 산 82-2,노원구 공릉 2,공릉제2동,127.076482,37.627077,127.076482,37.627077
131,율현공원,157535㎡,2016.11.1,관리시설 : 사무실 조경시설 : 정자(4개) 조형쉼터(10개) 조형파고라(3개) 수경시설 운동시설 : 게이트볼장 다목적구장 체력단련시설 편익시설 : 화장실(2개) 음수대(3개) 근로자대기실 유희시설 : 어린이놀이터(2개) ,수목 : 소나무 이팝나무 등  110종  143069주 초화 : 맥문동 벌개미취 등  33종  286024본,강남구,서울특별시 강남구 율현동 밤고개로24길(율현동 56),강남구 율현동 24,세곡동,,,127.115594,37.472332
